height;weight;bmi;alder
1,51;63;28;25
1,74;81;27;34
1,38;56;29;55
1,86;91;26;45
1,28;47;29;24
1,36;57;31;19
1,79;76;24;45
1,63;72;27;67
1,73;62;21;24
1,38;48;25;46
1,43;53;26;20
1,64;68;25;38
1,64;75;28;57
1,96;109;28;63
1,41;111;56;61
1,28;47;29;52
1,60;55;21;31
1,83;70;21;40
1,69;87;30;27
1,76;61;20;54
1,29;49;30;24
1,75;84;27;62
1,98;56;14;68
1,54;87;37;56
1,24;76;50;68
1,48;50;23;22
1,62;104;40;25
1,89;85;24;65
1,89;101;28;21
1,88;54;15;24
1,50;62;28;34
1,70;106;37;27
1,42;84;41;60
1,50;72;32;58
2,00;81;20;19
1,42;85;42;72
1,56;88;36;62
1,53;74;32;42
1,88;54;15;37
1,76;83;27;68
1,90;68;19;51
1,96;57;15;55
1,34;81;45;25
1,38;79;41;67
1,28;73;45;33
1,40;105;53;20
1,61;111;43;29
1,68;80;28;51
1,46;67;32;29
1,26;63;40;74
1,61;96;37;44
1,73;54;18;64
1,50;101;45;34
1,64;97;36;44
1,71;60;21;50
1,56;99;41;49
1,86;109;31;31
1,35;99;55;65
1,52;63;27;73
1,31;56;32;55
1,93;76;20;50
1,69;96;34;50
1,92;47;13;73
1,40;98;50;59
1,57;109;44;72
1,60;87;34;66
1,24;75;49;28
1,79;63;20;66
1,46;75;35;51
1,96;92;24;44
1,53;76;33;69
1,85;65;19;65
1,64;52;19;20
1,42;86;43;70
1,75;75;25;26
1,46;94;44;28
1,30;92;55;49
1,22;89;60;51
1,64;53;20;19
1,37;62;33;62
1,27;62;38;72
1,84;68;20;49
1,59;53;21;60
1,44;87;42;62
1,94;81;22;64
1,91;68;19;29
1,67;84;30;69
1,22;65;43;28
1,99;56;14;68
1,69;81;28;67
1,67;73;26;65
1,37;91;49;69
1,82;104;32;40
1,42;101;50;35
1,81;59;18;26
1,98;65;17;34
1,44;76;37;48
1,30;52;31;72
1,54;77;33;28
1,39;53;28;30
1,84;110;32;27
1,31;59;34;41
1,96;70;18;72
1,52;61;26;58
1,33;92;52;26
1,89;63;18;60
1,86;82;24;26
1,28;77;47;38
1,62;105;40;54
1,70;82;29;53
1,22;86;58;51
1,26;103;65;60
1,85;70;21;59
1,47;56;26;23
1,25;84;54;44
1,43;101;50;58
1,52;110;48;27
1,54;87;37;25
1,40;82;42;67
1,84;57;17;53
1,68;85;30;59
1,69;63;22;43
1,66;49;18;48
1,73;75;25;27
1,56;46;19;52
1,49;69;31;61
1,86;48;14;22
1,39;107;55;55
1,25;86;55;72
1,39;60;31;66
1,85;89;26;53
1,86;101;29;65
1,29;62;37;46
1,28;111;68;46
1,34;108;60;60
1,37;57;30;33
1,34;77;43;51
1,91;50;14;56
1,53;103;44;30
1,84;109;32;43
1,81;107;33;74
1,97;92;24;49
1,39;107;55;29
1,94;75;20;74
1,68;105;37;22
1,92;90;24;67
1,73;101;34;35
1,97;73;19;50
1,25;86;55;71
1,69;52;18;41
1,81;87;27;64
1,43;59;29;40
1,99;60;15;57
1,62;108;41;28
1,85;70;20;61
1,44;61;29;66
1,42;71;35;65
1,75;91;30;31
1,81;48;15;63
1,80;82;25;28
1,36;93;51;33
1,22;93;62;24
1,95;75;20;71
1,98;75;19;48
1,73;49;16;24
1,65;106;39;65
1,32;89;51;20
1,91;73;20;28
1,48;65;30;40
1,92;99;27;41
1,71;96;33;54
1,29;85;51;44
1,97;77;20;31
1,88;59;17;59
1,81;49;15;55
1,23;56;37;23
1,75;92;30;29
1,50;105;47;53
1,62;100;38;40
1,91;76;21;32
1,41;62;31;73
1,78;96;30;24
1,64;78;29;39
1,42;91;45;23
1,44;62;30;29
1,38;92;48;62
1,50;107;48;33
1,21;86;58;29
1,61;103;40;54
1,97;49;13;31
1,45;91;43;72
1,53;111;47;27
1,23;64;42;19
1,97;77;20;68
1,91;75;21;30
1,80;97;30;73
1,33;104;58;53
1,62;81;31;60
1,63;103;39;71
1,84;98;29;50
1,77;102;33;63
1,41;80;40;68
1,45;80;38;42
1,43;67;33;61
1,59;81;32;60
1,71;84;29;38
1,76;47;15;42
1,24;94;61;27
1,49;109;49;69
1,94;88;23;22
1,96;86;22;20
1,78;81;25;31
1,94;106;28;70
1,21;90;62;35
2,00;106;27;20
1,37;86;46;63
1,35;102;56;46
1,62;104;40;67
2,00;84;21;37
1,79;94;29;59
1,67;75;27;35
1,29;109;66;28
1,31;68;40;69
1,67;46;17;70
1,46;102;48;43
1,41;49;25;68
1,47;103;47;33
1,87;106;30;59
1,78;74;23;57
1,53;55;24;64
1,20;55;38;37
1,81;74;22;70
1,81;72;22;71
1,68;111;39;50
1,64;52;19;35
1,99;67;17;44
1,26;71;45;52
1,74;75;25;50
1,44;77;37;46
1,20;55;38;70
1,61;91;35;39
1,52;65;28;19
1,26;63;40;43
1,76;70;23;42
1,25;83;53;60
1,60;77;30;35
1,71;47;16;60
1,39;96;49;60
1,95;107;28;20
1,41;71;36;22
1,68;75;26;45
1,42;64;32;49
1,48;76;35;43
1,73;52;17;41
2,00;59;15;49
1,57;54;22;19
1,70;59;20;54
1,71;88;30;74
1,80;92;29;41
1,76;74;24;30
1,90;80;22;52
1,73;66;22;30
1,67;76;27;52
1,53;63;27;48
1,90;64;18;44
1,33;99;56;44
1,42;110;55;71
1,54;73;31;51
1,41;53;27;74
1,71;79;27;33
1,75;55;18;39
1,71;73;25;57
1,35;50;27;59
1,73;107;36;58
1,71;97;33;61
1,91;88;24;30
1,50;77;34;39
1,94;103;27;67
1,50;61;27;26
1,56;56;23;56
1,21;84;57;38
1,69;49;17;65
1,68;90;32;58
1,42;93;46;61
1,56;50;21;55
1,54;53;22;40
1,75;63;20;49
1,87;106;30;51
1,57;51;21;73
1,51;54;24;55
1,60;99;39;58
1,83;105;31;24
1,48;109;50;69
1,23;56;37;59
1,62;73;28;50
1,42;81;40;39
1,56;70;29;56
1,29;86;52;70
1,88;110;31;37
1,56;48;20;69
1,63;69;26;19
1,97;67;17;39
1,21;50;34;29
1,75;56;18;42
1,69;99;35;72
1,89;104;29;72
1,96;53;14;66
1,34;50;28;49
1,81;46;14;22
1,39;95;49;25
1,31;66;38;41
1,48;76;35;74
1,51;92;41;54
1,38;58;31;43
1,84;66;20;21
1,91;98;27;36
1,82;77;23;67
1,56;64;26;36
1,46;61;29;51
1,35;47;26;67
1,60;67;26;61
1,41;92;46;59
1,82;97;29;52
1,99;63;16;28
1,50;53;24;55
1,72;73;25;48
1,58;68;27;26
1,89;51;14;30
1,83;90;27;64
1,32;105;60;42
1,83;63;19;42
1,90;90;25;33
1,73;79;27;57
2,00;53;13;21
1,21;76;52;29
1,94;93;25;66
1,33;76;43;19
1,44;91;44;55
1,81;95;29;47
1,45;59;28;33
1,51;95;41;30
1,85;71;21;74
1,23;109;72;66
1,43;53;26;32
1,95;79;21;68
1,96;61;16;24
1,34;56;31;37
1,35;63;34;44
1,83;64;19;69
1,28;110;67;24
1,92;94;25;24
1,31;73;42;57
1,98;75;19;35
1,42;59;29;33
1,42;78;39;45
1,22;108;72;34
1,54;69;29;60
1,95;54;14;38
1,70;108;37;30
1,33;92;52;21
1,42;93;46;67
1,94;77;21;51
1,83;108;32;43
1,74;52;17;67
1,46;108;50;28
1,33;70;40;69
1,58;108;43;29
1,50;87;39;59
1,26;63;39;33
1,91;46;13;34
1,74;50;17;40
1,58;80;32;26
1,96;85;22;47
1,83;91;27;20
1,30;94;55;50
1,67;89;32;25
1,43;65;32;43
1,61;64;25;40
1,51;81;35;71
1,66;65;24;64
1,28;67;41;26
1,56;83;34;23
1,40;84;43;39
1,63;101;38;52
1,78;71;22;19
1,94;75;20;58
1,50;84;37;27
1,75;56;18;31
1,69;56;20;51
1,83;76;23;58
1,68;48;17;66
1,46;107;51;46
1,24;82;54;71
1,83;63;19;61
1,99;110;28;20
1,51;58;25;55
1,83;68;20;29
1,33;53;30;36
1,85;49;14;35
1,69;57;20;44
1,88;54;15;26
1,90;51;14;29
1,61;102;39;23
1,74;61;20;61
1,68;50;18;22
1,65;48;18;35
1,66;89;32;50
1,46;59;28;42
1,56;104;43;64
1,92;60;16;60
1,94;106;28;66
1,90;61;17;68
1,72;74;25;55
1,65;95;35;33
1,96;51;13;30
1,74;103;34;20
1,74;107;35;70
1,42;49;24;32
1,83;72;21;43
1,65;81;30;56
1,92;58;16;67
1,32;96;56;57
1,88;57;16;58
2,00;93;23;47
1,40;56;29;64
1,76;83;27;69
1,83;87;26;33
1,30;85;51;65
1,24;60;39;37
1,57;77;31;55
1,31;82;48;43
1,83;60;18;64
1,43;49;24;37
2,00;68;17;44
1,77;54;17;48
1,59;51;20;21
1,85;62;18;48
1,66;73;26;57
1,22;79;53;59
1,53;59;25;44
1,84;106;31;39
1,61;51;20;28
1,33;50;28;43
1,46;80;38;20
1,97;97;25;71
1,31;102;60;30
1,86;54;16;39
1,88;90;25;61
1,32;92;53;67
1,29;95;57;23
1,85;105;31;28
1,22;82;55;34
1,66;50;18;73
1,45;46;22;20
1,41;70;35;22
1,82;81;24;21
1,25;90;57;68
1,38;111;59;69
1,28;60;37;26
1,59;59;23;63
1,84;71;21;56
1,60;62;24;54
1,83;88;26;70
1,44;79;38;60
1,77;60;19;28
1,68;95;34;66
1,89;65;18;74
1,22;68;46;63
1,96;58;15;50
1,23;110;72;26
1,77;62;20;57
1,90;72;20;33
1,56;65;27;43
1,23;94;62;45
1,20;84;58;47
1,81;80;24;67
1,25;52;33;55
1,38;100;53;56
1,84;70;21;62
1,85;52;15;40
1,56;93;38;19
1,81;68;21;41
1,69;64;23;70
1,55;91;38;22
2,00;64;16;64
1,94;98;26;39
1,83;62;19;51
1,67;109;39;39
1,58;55;22;33
1,76;102;33;22
1,27;68;42;55
1,56;74;31;34
1,53;52;22;51
1,62;104;39;60
1,89;73;20;57
1,76;93;30;74
1,84;92;27;68
1,80;93;29;29
1,66;91;33;57
1,75;48;16;61
1,38;104;55;23
1,63;108;40;66
1,93;71;19;36
1,33;89;50;54
1,29;66;39;33
1,46;72;34;29
1,75;47;15;43
1,41;65;33;23
1,36;77;42;23
1,69;50;17;50
1,53;76;33;35
1,72;86;29;41
1,85;80;23;35
1,82;54;16;74
1,37;56;30;58
1,52;107;46;27
1,21;63;43;31
1,48;90;41;44
1,22;92;62;59
1,76;54;18;19
1,67;56;20;36
1,83;97;29;71
1,95;61;16;37
1,83;55;16;22
1,79;51;16;68
1,21;76;52;72
1,34;86;48;59
1,72;59;20;38
1,93;98;26;27
1,90;98;27;50
1,36;66;36;37
1,86;101;29;65
2,00;87;22;21
1,82;93;28;20
1,41;46;23;64
1,56;53;22;65
1,82;78;24;37
1,32;62;36;50
1,28;70;42;45
1,60;62;24;21
1,90;77;21;69
1,96;88;23;67
1,96;87;23;32
1,75;81;26;58
1,55;48;20;22
1,27;98;61;36
1,50;81;36;61
1,82;73;22;56
1,95;87;23;33
1,22;47;32;33
1,79;73;23;40
1,79;97;30;24
1,67;76;27;69
1,90;70;19;66
1,77;74;24;58
1,38;77;40;25
1,84;64;19;74
1,21;106;73;19
1,23;98;65;73
1,27;98;61;53
1,62;61;23;38
1,75;100;33;47
1,92;58;16;28
1,21;54;37;31
1,46;62;29;43
1,43;109;53;35
1,37;99;53;55
1,92;99;27;48
1,68;93;33;28
1,88;65;18;51
1,24;65;42;36
1,80;85;26;40
1,58;81;32;74
1,58;50;20;20
1,99;81;20;45
1,26;103;65;27
1,58;93;37;42
1,64;111;41;43
1,31;81;47;41
1,27;93;58;20
1,84;94;28;34
1,49;66;30;55
1,86;62;18;55
1,76;104;34;42
1,63;77;29;25
1,81;103;31;70
1,47;87;40;33
1,69;47;16;38
1,52;76;33;33
1,89;74;21;20
1,49;74;33;30
1,52;47;20;43
1,52;51;22;71
1,95;54;14;31
1,20;91;63;23
1,52;63;27;69
1,30;52;31;48
1,63;108;41;45
1,21;93;63;40
1,79;108;34;45
1,66;51;19;52
1,75;63;21;31
1,81;66;20;59
1,92;46;13;61
1,51;78;34;55
1,74;96;32;62
1,26;88;56;28
1,95;98;26;67
1,94;83;22;53
1,33;70;40;24
1,55;78;33;27
1,59;91;36;65
1,91;93;25;26
1,38;88;46;41
1,96;51;13;57
1,96;66;17;74
1,42;102;51;51
1,49;106;48;68
1,87;55;16;29
1,20;62;43;56
1,36;73;39;40
1,27;83;52;45
1,68;65;23;35
1,61;82;32;54
1,27;55;34;20
1,56;96;40;40
1,65;89;33;54
1,93;104;28;31
1,54;81;34;55
1,71;71;24;50
1,23;52;34;70
1,24;84;54;31
1,92;52;14;73
1,46;57;27;70
1,73;50;17;40
1,97;49;13;71
1,41;73;37;28
1,93;110;30;46
1,70;105;36;31
1,22;77;52;43
1,72;106;36;38
1,99;86;22;57
1,66;57;21;52
1,84;52;15;62
1,47;55;25;69
1,88;53;15;31
1,56;68;28;42
1,76;74;24;24
1,71;84;29;63
1,22;61;41;37
1,72;46;16;34
1,68;46;16;30
1,43;61;30;22
1,95;78;21;50
1,30;77;46;56
1,56;75;31;62
1,41;76;38;53
1,89;92;26;28
1,63;88;33;62
1,42;77;38;24
1,39;54;28;19
1,49;63;28;52
1,66;110;40;36
1,92;83;23;25
1,21;65;44;55
1,29;102;61;45
1,51;103;45;72
1,80;100;31;23
1,35;59;32;32
1,84;106;31;46
1,69;96;34;65
1,83;97;29;34
1,77;109;35;61
1,62;94;36;34
1,23;101;66;55
1,28;66;41;74
1,62;66;25;35
1,45;103;49;27
1,72;46;16;45
1,58;52;21;66
1,42;60;30;43
1,29;76;46;55
1,76;54;17;72
1,73;72;24;25
1,80;108;33;22
1,42;70;34;60
1,35;75;41;60
1,35;51;28;61
1,78;55;17;20
2,00;63;16;36
1,48;63;29;68
1,93;50;13;39
1,76;75;24;26
1,67;84;30;46
1,34;79;44;19
1,38;94;49;42
1,61;58;22;42
1,36;65;35;49
1,78;54;17;48
1,50;103;46;29
1,57;80;33;35
1,44;103;50;71
1,44;75;36;69
1,23;60;40;23
1,86;51;15;67
1,85;68;20;63
1,37;105;56;54
1,36;83;45;27
1,94;51;14;33
1,25;102;65;20
1,64;91;34;20
1,27;90;56;39
1,83;85;25;68
1,61;102;39;49
1,59;97;38;71
1,58;79;32;26
1,55;69;29;38
1,96;109;28;31
1,48;89;41;39
1,27;65;40;52
1,65;104;38;52
1,77;95;30;66
1,31;96;56;42
1,87;93;27;73
1,21;86;59;58
1,55;59;25;41
1,82;69;21;70
1,43;94;46;41
1,40;54;28;42
1,48;54;25;39
1,62;78;30;35
1,41;91;46;23
1,51;70;31;73
1,27;67;42;59
1,23;54;35;27
1,87;62;18;26
1,54;111;47;49
1,50;52;23;32
1,57;60;24;42
1,26;69;44;52
1,77;84;27;74
1,39;109;57;35
1,32;68;39;73
1,75;86;28;44
1,39;83;43;30
1,98;58;15;64
1,67;93;33;33
1,21;54;37;67
1,44;101;49;74
1,59;90;36;23
1,70;81;28;62
1,29;76;46;58
1,21;97;66;54
1,69;58;20;49
1,59;88;35;21
1,90;63;17;45
1,55;76;32;58
1,87;110;31;40
1,46;98;46;54
1,47;60;28;56
1,53;70;30;71
1,63;52;20;44
1,86;57;17;55
1,88;54;15;29
1,77;93;30;67
1,34;87;49;66
1,67;64;23;23
1,59;72;28;62
1,66;87;31;29
1,62;50;19;64
1,44;106;51;73
1,95;70;18;28
1,28;47;29;41
1,59;71;28;25
1,26;105;66;53
1,89;99;28;33
1,78;74;23;31
1,88;72;20;74
1,32;58;33;74
1,70;89;31;56
1,49;107;48;46
1,34;80;45;67
1,95;79;21;54
1,51;52;23;22
1,91;47;13;27
1,55;94;39;38
1,26;78;49;34
1,26;46;29;55
1,70;83;29;26
1,83;93;28;22
1,82;53;16;66
1,93;67;18;61
1,40;82;42;53
1,29;91;54;34
1,57;104;42;34
1,95;98;26;45
1,82;100;30;25
1,37;67;35;32
1,71;65;22;43
1,40;72;36;69
1,29;100;60;57
1,83;77;23;34
1,49;76;34;50
1,89;85;24;67
1,48;77;35;37
1,46;88;41;29
1,57;61;25;36
1,85;102;30;37
1,90;61;17;23
1,34;61;34;19
1,42;87;43;26
1,28;49;30;49
1,49;83;38;41
1,93;50;13;56
1,75;75;24;20
1,84;67;20;59
1,49;53;24;59
1,86;55;16;44
1,70;96;33;57
1,48;88;40;39
1,52;58;25;70
1,83;81;24;22
1,68;65;23;51
1,24;59;39;32
1,86;85;25;67
1,51;74;32;52
1,61;100;39;54
1,33;56;32;32
1,61;108;41;46
1,78;86;27;26
1,42;59;29;40
1,70;82;29;47
1,56;105;43;55
1,86;94;27;72
1,69;56;20;69
1,25;101;64;39
1,79;91;29;67
1,76;71;23;52
1,65;86;31;47
1,33;79;45;36
1,55;111;46;31
1,78;83;26;26
1,33;91;51;65
1,36;66;36;74
1,67;88;32;55
1,51;89;39;54
1,43;83;41;41
1,46;75;35;38
1,62;101;38;62
1,95;57;15;45
1,25;105;67;39
1,55;48;20;71
1,22;59;40;29
1,50;100;45;34
1,34;94;53;46
1,83;57;17;58
1,32;88;50;50
1,74;70;23;57
1,38;104;54;72
1,65;48;18;25
1,84;66;20;54
1,34;105;58;48
1,86;95;27;27
1,40;50;26;54
1,95;95;25;72
1,62;71;27;43
1,59;76;30;33
1,38;65;34;21
1,90;56;16;67
1,29;92;55;70
1,59;89;35;56
1,41;91;46;26
1,83;65;20;60
1,66;72;26;70
1,42;69;34;41
1,44;73;35;66
1,67;70;25;32
1,69;70;24;44
1,61;46;18;57
1,37;61;32;67
1,97;72;19;26
1,59;70;28;42
1,94;98;26;41
1,44;111;54;26
1,82;48;14;59
1,77;105;34;23
1,42;58;29;64
1,72;101;34;56
1,58;77;31;42
1,72;96;32;26
1,34;59;33;70
1,32;77;44;69
1,45;105;50;40
1,24;75;49;23
1,44;96;46;56
1,45;53;25;65
1,42;89;44;51
1,28;103;63;22
1,40;103;53;59
1,77;62;20;58
1,82;103;31;42
1,66;48;17;71
1,93;56;15;73
1,28;46;28;64
1,83;91;27;40
1,91;69;19;69
1,95;52;14;23
1,88;78;22;71
1,43;97;47;58
1,34;52;29;49
1,62;104;40;59
1,36;101;54;32
1,42;91;45;49
1,40;74;38;31
1,45;107;51;66
1,83;107;32;48
1,53;54;23;74
1,33;61;34;48
1,99;111;28;32
1,91;60;16;67
1,86;64;18;36
1,52;86;37;35
1,23;64;42;46
1,21;104;71;62
1,20;100;69;60
1,97;46;12;23
1,95;62;16;50
1,36;63;34;73
1,99;78;20;69
1,36;69;37;52
1,53;60;26;38
1,47;74;34;67
1,58;91;36;28
1,77;61;20;31
1,56;62;25;19
1,34;65;36;27
1,72;93;31;24
1,80;86;27;33
1,48;66;30;25
1,90;47;13;60
1,71;48;16;58
1,25;61;39;49
1,67;65;23;57
1,82;82;25;36
1,74;51;17;63
1,42;94;46;42
1,95;76;20;70
1,82;97;29;36
1,49;75;34;49
1,46;82;39;70
1,55;60;25;52
1,22;110;74;21
1,47;93;43;40
1,73;61;20;62
1,98;83;21;45
1,54;54;23;59
1,65;73;27;72
1,69;86;30;61
1,57;79;32;68
1,77;85;27;59
1,59;61;24;30
1,57;56;23;34
1,74;60;20;67
1,38;50;26;24
1,75;77;25;54
1,47;57;27;55
1,74;56;18;66
1,43;81;40;45
1,81;99;30;34
1,24;83;54;25
1,32;70;40;34
1,54;55;23;59
1,85;58;17;49
1,46;91;43;37
1,48;92;42;64
1,72;76;26;32
1,85;53;15;38
1,76;54;17;55
1,52;102;44;54
1,87;50;14;73
1,54;63;26;54
1,40;86;44;60
1,31;60;35;64
1,53;99;42;20
1,99;54;14;69
1,77;93;30;73
1,94;100;26;51
1,41;77;39;66
1,65;106;39;64
1,43;106;52;68
1,71;88;30;27
1,73;85;28;72
1,33;67;38;73
1,56;109;45;50
1,88;55;16;56
1,66;91;33;30
1,20;58;40;33
1,29;92;55;65
1,61;96;37;50
1,80;98;30;69
1,95;94;25;40
1,86;52;15;70
1,77;66;21;28
1,44;94;45;64
1,67;93;33;59
1,55;74;31;59
1,72;70;24;28
1,49;93;42;34
1,51;47;21;44
1,84;53;16;52
1,27;66;41;68
1,38;73;38;44
1,76;72;23;37
1,51;97;43;55
1,43;92;45;24
1,31;92;54;22
1,73;106;36;43
1,26;104;66;40
1,65;88;32;27
1,43;90;44;70
1,61;83;32;69
1,28;57;35;47
1,46;87;41;50
1,47;76;35;58
1,28;84;52;60
1,26;51;32;22
1,97;61;16;31
1,82;101;31;26
1,66;98;36;63
1,73;108;36;65
1,39;56;29;31
1,28;88;54;41
1,76;110;36;58
1,51;81;36;28
1,61;82;32;36
1,46;62;29;61
1,98;88;22;41
1,73;67;22;49
1,96;55;14;55
1,97;106;27;60
1,74;48;16;50
1,23;68;45;40
1,46;47;22;23
1,51;61;27;35
1,50;72;32;49
1,76;109;35;31
1,70;105;36;38
2,00;89;22;43
1,20;95;66;39
1,46;97;46;63
1,81;60;18;53
1,37;56;30;56
1,73;74;25;36
1,98;79;20;43
1,44;47;23;19
1,64;86;32;30
1,42;53;26;71
1,99;89;23;56
1,78;89;28;45
1,79;107;33;44
1,87;69;20;55
1,32;89;51;72
1,21;56;38;42
1,80;99;30;61
1,41;75;38;70
1,46;96;45;33
1,55;89;37;66
1,86;101;29;60
1,82;58;17;42
1,92;99;27;65
1,69;77;27;26
1,37;108;57;71
1,69;88;31;73
1,92;99;27;66
1,45;57;27;29
1,21;60;41;67
1,21;63;43;26
1,62;89;34;35
1,52;64;28;22
1,48;99;45;69
1,97;51;13;29
1,22;57;38;48
1,65;50;18;52
1,26;94;60;24
1,42;83;41;46
1,62;72;27;59
1,55;75;31;55
1,66;86;31;19
1,32;106;61;54
1,82;77;23;53
1,65;94;34;61
1,70;81;28;55
1,92;101;27;27
1,56;91;37;51
1,68;89;31;34
1,24;70;46;25
1,91;110;30;42
1,49;56;25;26
1,90;84;23;69
1,78;63;20;27
1,54;75;32;74
1,55;97;40;72
1,59;46;18;35
1,88;81;23;70
1,58;50;20;44
1,79;105;33;51
1,87;59;17;73
1,66;98;36;37
1,42;66;33;19
1,30;98;58;74
1,69;65;23;23
1,85;102;30;23
1,36;72;39;68
1,55;83;34;59
1,99;46;12;35
1,79;59;18;55
1,68;90;32;50
1,72;46;15;42
1,79;82;26;26
1,69;49;17;53
1,76;58;19;42
1,68;50;18;39
1,75;67;22;52
1,92;73;20;56
1,56;65;27;54
1,47;79;36;61
1,37;71;38;27
1,62;67;26;56
1,80;100;31;70
1,54;108;46;71
1,69;73;26;33
1,42;111;55;28
1,84;51;15;73
1,44;87;42;50
1,34;107;59;49
1,23;74;49;58
1,40;78;40;27
1,31;97;57;59
1,29;110;66;36
1,72;74;25;29
1,55;110;46;27
1,50;96;43;36
1,95;85;22;31
1,38;92;48;62
1,61;75;29;35
1,87;93;27;53
1,65;83;30;56
1,24;75;49;56
1,28;48;29;74
1,49;96;44;69
1,23;58;38;44
1,50;50;22;56
1,70;51;18;70
1,81;67;20;53
1,24;94;61;33
1,67;88;32;41
1,43;109;54;48
1,31;82;48;46
1,76;55;18;29
1,47;69;32;70
1,99;66;17;63
1,52;67;29;25
1,80;86;26;65
1,46;104;49;57
1,60;63;24;57
1,37;78;41;68
1,59;96;38;57
1,72;78;26;43
1,38;66;34;46
1,98;101;26;27
1,36;54;29;58
1,82;76;23;40
1,23;61;40;36
1,55;62;26;56
1,95;71;19;54
1,99;54;14;50
1,87;97;28;49
1,22;110;74;64
2,00;48;12;66
1,66;97;35;74
1,53;111;47;67
1,71;99;34;57
1,89;75;21;39
1,77;52;17;27
1,28;108;66;63
1,48;79;36;51
1,74;53;17;33
1,59;61;24;66
1,64;105;39;57
1,75;82;27;40
1,45;109;52;40
1,41;49;25;46
1,84;82;24;44
1,48;61;28;58
1,41;72;36;60
1,47;101;47;58
1,54;94;40;56
1,31;89;52;31
1,72;60;20;43
1,81;71;22;61
1,23;75;50;37
1,41;72;36;36
1,62;68;26;73
1,33;73;41;34
1,72;110;37;68
1,62;81;31;48
1,32;52;30;59
1,65;63;23;40
1,57;80;32;59
1,52;89;39;27
1,36;50;27;39
1,30;97;58;50
1,88;47;13;42
1,87;75;21;20
1,43;67;33;31
1,81;47;14;33
1,96;60;16;29
1,92;76;21;33
1,25;109;70;42
1,47;111;52;20
1,79;76;24;69
1,45;63;30;59
1,64;61;23;21
1,50;83;37;70
1,98;74;19;31
1,85;106;31;30
1,57;95;39;52
1,88;108;31;59
1,73;46;15;73
1,53;81;34;32
1,90;63;17;25
1,87;70;20;63
1,27;87;54;45
1,71;47;16;32
1,67;74;26;20
1,91;90;25;37
1,67;108;39;51
1,77;50;16;60
1,67;72;26;54
1,98;99;25;61
1,60;64;25;62
1,97;104;27;37
1,34;79;44;54
1,28;77;47;25
1,88;74;21;49
1,43;50;24;49
1,91;78;21;56
1,27;70;44;28
1,71;62;21;36
1,87;95;27;37
1,57;72;29;48
1,27;53;33;36
1,73;64;21;32
1,60;73;29;39
1,97;65;17;48
1,61;97;37;39
1,39;95;49;56
1,23;57;38;30
1,38;65;34;68
1,78;95;30;50
1,74;86;28;44
1,53;77;33;46
1,47;88;41;44
1,44;59;28;69
1,71;56;19;30
1,28;72;44;63
1,96;95;25;37
1,56;90;37;32
1,46;82;38;29
1,46;79;37;31
1,95;77;20;22
1,76;101;33;74
1,72;104;35;65
1,38;52;27;19
1,68;61;22;21
1,96;108;28;46
1,98;77;20;35
1,94;77;20;68
1,50;102;45;45
1,40;93;47;32
1,71;73;25;69
1,92;76;21;30
1,96;71;18;50
1,42;71;35;47
1,52;74;32;70
1,93;89;24;46
1,20;89;62;74
1,63;96;36;29
1,40;108;55;56
1,58;103;41;68
1,94;81;21;65
1,29;84;51;57
1,73;94;32;19
1,30;86;51;63
1,59;51;20;47
1,65;47;17;73
1,23;85;56;66
1,21;77;53;44
1,37;54;29;58
1,37;102;55;68
1,71;70;24;74
1,93;75;20;49
1,93;50;13;63
1,59;104;41;65
1,21;104;71;34
1,91;70;19;29
1,56;98;40;53
1,96;98;25;55
1,39;78;40;52
1,99;58;15;73
1,42;59;29;43
1,96;71;19;66
1,68;62;22;22
1,26;48;30;66
1,89;61;17;70
1,25;106;67;55
1,83;55;16;60
1,49;66;30;35
1,66;86;31;63
1,55;89;37;22
1,81;111;34;73
1,85;52;15;25
1,61;62;24;64
1,75;78;25;27
1,96;76;20;42
1,86;75;22;24
1,60;62;24;62
1,37;103;55;19
1,90;49;14;22
1,62;57;22;49
1,65;48;18;67
1,77;87;28;53
1,41;64;32;26
1,96;71;19;71
1,36;61;33;67
1,27;65;40;55
1,76;68;22;74
1,23;88;58;54
1,49;74;33;24
1,70;66;23;42
1,98;52;13;37
1,60;85;33;33
1,58;100;40;19
1,30;103;61;52
1,26;69;43;37
1,27;67;42;42
1,25;54;35;32
1,77;102;32;34
1,39;100;52;22
1,31;48;28;72
1,21;71;49;67
1,30;99;59;52
1,87;91;26;44
1,91;90;25;28
1,90;99;28;63
1,98;87;22;69
1,71;79;27;25
1,33;84;47;51
1,96;87;23;57
1,73;109;36;42
1,75;110;36;44
1,58;103;41;50
1,37;97;52;65
1,72;53;18;43
1,64;109;41;58
1,49;107;48;44
1,52;91;40;54
1,39;93;48;44
1,49;86;39;53
1,85;69;20;25
1,81;81;25;68
1,87;77;22;28
1,25;82;52;52
1,37;94;50;74
1,96;47;12;31
1,61;66;26;36
1,30;93;55;61
1,87;107;31;47
1,41;65;33;69
1,48;104;48;48
1,89;53;15;27
1,48;101;46;21
1,36;57;31;36
1,44;52;25;68
1,38;100;52;68
1,34;99;55;41
1,55;71;29;59
1,33;87;49;35
1,52;70;30;42
1,95;55;14;38
1,63;60;23;22
1,67;92;33;28
1,26;58;37;39
1,74;110;36;51
1,93;93;25;53
1,81;82;25;60
1,23;84;55;55
1,50;67;30;34
1,37;66;35;65
1,33;78;44;46
1,50;94;42;47
1,98;51;13;60
1,42;58;29;40
1,62;79;30;53
1,66;56;20;56
1,35;56;31;46
1,88;102;29;63
1,73;86;29;67
1,21;103;70;53
1,68;88;31;46
1,61;70;27;36
1,85;74;22;47
1,95;75;20;25
1,36;108;58;23
1,64;92;34;27
1,78;94;30;25
1,80;81;25;52
1,64;86;32;52
1,55;78;33;42
1,39;107;55;62
1,61;82;31;33
1,69;96;34;69
1,49;76;34;46
1,47;110;51;70
1,26;105;67;54
1,40;85;43;70
1,54;109;46;28
1,49;108;49;59
1,74;68;22;43
1,69;97;34;60
1,73;71;24;47
1,22;62;41;56
1,92;109;29;40
1,75;61;20;30
1,67;51;18;23
1,80;111;34;24
1,48;85;39;40
1,49;59;27;38
1,95;97;25;32
1,83;84;25;29
1,99;79;20;30
1,87;46;13;43
1,92;51;14;20
1,29;110;66;50
1,64;111;42;44
1,20;97;67;30
1,23;87;57;30
1,78;84;26;58
1,56;86;35;52
1,66;87;32;62
1,71;110;37;57
1,36;111;60;43
1,80;92;28;36
1,96;108;28;61
1,99;65;16;21
1,59;49;19;29
1,41;55;28;51
1,79;82;25;34
1,33;69;39;54
1,88;51;14;59
1,66;68;25;58
1,25;86;55;28
1,45;72;34;31
1,39;56;29;71
1,54;54;23;19
1,94;49;13;57
1,27;65;41;25
1,63;77;29;57
1,63;77;29;59
1,60;75;29;41
1,71;67;23;71
1,24;79;51;52
1,91;107;29;29
1,85;84;25;32
1,64;46;17;35
1,77;55;18;74
1,88;60;17;69
1,64;102;38;46
1,91;46;13;66
1,89;60;17;44
1,69;81;28;31
1,30;56;33;46
1,21;60;41;52
1,87;85;24;27
1,60;66;26;20
1,73;97;32;48
1,46;47;22;73
1,65;52;19;39
1,85;97;28;52
1,63;51;19;66
1,38;103;54;58
1,48;78;35;59
1,75;81;26;27
1,41;55;28;21
1,24;110;71;24
1,47;110;51;37
1,62;109;42;74
1,29;49;30;23
1,61;48;18;22
1,35;73;40;48
1,32;82;47;67
1,99;85;22;19
1,50;96;43;67
1,23;74;49;48
1,54;61;26;69
1,35;101;55;70
1,32;60;34;34
1,95;83;22;31
1,63;82;31;72
1,67;74;26;42
1,47;48;22;32
1,40;93;48;63
1,25;96;62;40
1,32;70;40;59
1,69;57;20;21
1,38;83;44;55
1,53;92;39;26
1,54;51;21;61
1,48;54;25;74
1,91;89;24;61
1,65;101;37;33
1,61;68;26;71
1,96;98;26;58
1,23;95;63;57
1,84;60;18;64
1,58;81;32;68
1,82;103;31;28
1,98;100;25;42
1,28;87;53;69
1,21;91;62;68
1,64;47;17;65
1,90;71;20;63
1,61;59;23;54
1,40;56;28;30
1,69;57;20;57
1,89;82;23;58
1,61;82;32;58
1,54;62;26;21
1,30;95;56;39
1,63;71;27;38
1,86;90;26;39
1,26;51;32;24
1,43;81;40;35
1,88;83;23;56
1,37;83;44;37
1,30;81;48;67
1,99;103;26;56
1,91;47;13;30
1,68;82;29;48
1,49;75;34;74
1,53;108;46;73
1,49;99;45;44
1,50;59;26;50
1,68;106;37;57
1,89;58;16;22
1,78;104;33;29
1,88;99;28;52
1,71;73;25;24
1,94;51;14;57
1,94;52;14;69
1,87;100;29;58
1,21;62;42;68
1,64;84;31;65
1,93;64;17;64
1,56;61;25;28
1,37;50;26;47
1,28;66;40;68
1,97;76;20;23
1,96;106;28;31
1,46;104;49;24
1,53;66;28;51
1,80;46;14;43
1,26;62;39;46
1,64;94;35;36
1,45;100;47;72
1,62;54;21;36
1,89;100;28;63
1,57;77;31;69
1,31;104;60;39
1,78;59;19;65
1,43;100;49;57
1,49;68;31;60
1,24;90;58;47
1,35;49;27;73
1,43;90;44;27
1,73;102;34;57
1,24;47;30;24
1,61;61;23;48
1,68;68;24;63
1,93;53;14;67
1,29;83;50;39
1,93;92;25;40
1,91;80;22;40
1,83;93;28;64
1,70;79;27;59
2,00;92;23;44
1,64;86;32;27
1,34;76;42;50
1,73;77;26;37
1,32;81;46;73
1,69;95;33;33
1,94;70;19;49
1,92;93;25;58
1,77;56;18;60
1,58;65;26;24
1,47;59;27;25
1,45;71;34;21
1,29;49;30;35
1,80;48;15;25
1,39;63;33;51
1,60;58;23;29
1,37;83;44;61
1,86;48;14;40
1,92;91;25;33
1,81;58;18;28
1,32;91;52;24
1,72;87;29;29
1,88;64;18;36
1,86;75;22;30
1,43;77;38;41
1,21;53;36;57
1,86;80;23;24
1,98;110;28;27
1,68;83;29;30
1,40;104;53;37
1,53;58;25;64
1,89;104;29;49
1,27;85;53;37
1,31;87;50;72
1,27;85;53;69
1,41;97;49;22
1,69;61;21;41
1,95;100;26;67
1,69;111;39;42
1,99;79;20;30
1,50;62;28;34
1,73;101;34;20
1,78;81;26;41
1,47;89;41;52
1,49;96;43;49
1,28;63;39;53
1,78;99;31;74
1,40;62;32;57
1,91;49;13;35
1,76;108;35;45
1,83;91;27;54
1,65;69;25;36
1,84;52;15;65
1,98;55;14;58
1,62;88;33;65
1,40;88;45;22
1,41;47;24;49
1,87;55;16;33
1,86;108;31;51
1,99;104;26;66
1,70;54;19;60
1,34;74;41;65
1,22;85;57;45
1,78;88;28;60
1,72;51;17;28
1,56;68;28;71
1,47;65;30;41
1,50;80;36;74
1,56;102;42;44
1,38;93;49;68
1,46;58;27;54
1,96;82;21;29
1,61;56;22;42
1,79;105;33;58
1,75;48;16;21
1,29;92;56;45
1,25;67;43;36
1,90;97;27;27
1,84;86;25;72
1,82;56;17;37
1,96;61;16;45
1,73;69;23;30
1,26;76;48;47
1,23;82;54;34
1,59;52;20;44
1,91;98;27;60
1,65;94;34;37
1,27;106;66;21
1,31;63;36;42
1,37;46;24;68
1,65;96;35;41
1,71;63;22;36
1,33;81;46;54
1,57;67;27;46
1,40;107;55;61
1,70;63;22;30
1,58;98;39;38
1,90;61;17;32
1,71;83;28;42
1,24;66;43;56
1,26;106;66;49
1,97;76;20;54
1,24;105;69;68
1,31;51;30;31
1,25;59;38;63
1,25;90;57;43
1,67;83;30;66
1,55;81;34;70
1,33;82;46;52
1,80;55;17;53
1,75;86;28;64
1,85;109;32;47
1,57;69;28;40
1,71;102;35;40
1,95;84;22;59
1,55;87;36;74
1,84;103;30;64
1,79;67;21;27
1,37;110;59;40
1,42;64;32;37
1,91;105;29;56
1,90;66;18;26
1,73;98;33;45
1,36;53;29;36
1,61;62;24;74
1,99;103;26;35
1,77;74;24;31
1,77;80;25;41
1,90;65;18;26
1,80;62;19;28
1,94;111;29;73
1,21;48;33;29
1,87;51;15;43
1,61;91;35;27
1,37;50;27;44
1,42;88;43;51
1,91;80;22;44
1,69;80;28;40
1,27;51;32;28
1,32;110;63;48
1,91;69;19;20
1,62;59;22;24
1,96;58;15;29
1,41;46;23;43
1,45;95;45;53
1,69;73;26;30
1,97;69;18;27
1,99;100;25;53
1,69;77;27;51
1,66;108;39;32
1,32;58;33;59
1,32;47;27;55
1,55;103;43;59
1,78;93;29;42
1,88;83;23;29
1,99;79;20;23
1,30;102;60;61
1,52;52;22;59
1,21;80;55;67
1,98;106;27;28
1,89;100;28;34
1,74;110;36;66
1,82;56;17;39
1,68;71;25;72
1,54;110;46;31
1,50;94;42;30
1,53;105;45;53
1,96;48;12;54
1,97;48;12;30
1,53;79;34;45
1,85;85;25;30
1,85;60;18;42
1,69;82;29;60
1,54;87;36;74
1,69;63;22;73
1,36;104;56;53
1,28;48;29;46
1,55;81;34;59
1,20;77;53;72
1,31;63;37;44
1,46;109;51;45
1,82;82;25;60
1,46;48;22;67
1,75;67;22;35
1,22;88;59;60
1,70;73;25;33
1,83;71;21;45
1,44;110;53;50
1,62;102;39;58
1,60;59;23;45
1,62;74;28;38
1,95;62;16;42
1,66;53;19;23
1,46;50;23;27
1,52;48;21;73
1,36;50;27;73
1,99;72;18;37
1,66;99;36;25
1,64;61;23;60
1,52;64;28;54
1,99;69;17;50
1,65;90;33;65
1,47;103;48;70
1,40;101;51;31
1,94;105;28;60
1,57;103;42;71
1,48;85;39;40
1,88;100;28;59
1,92;47;13;70
1,52;77;33;29
1,81;111;34;31
1,60;58;23;49
1,25;103;66;71
1,86;95;27;57
1,29;55;33;25
1,69;86;30;32
1,54;95;40;27
1,98;53;14;36
1,39;81;42;19
1,67;83;30;41
1,32;79;45;30
1,56;47;19;33
1,64;47;18;58
1,40;56;28;68
1,27;101;62;59
1,95;109;29;59
1,90;57;16;68
1,73;105;35;20
1,96;96;25;56
1,70;49;17;51
1,56;108;44;71
1,35;77;43;53
1,97;106;27;19
1,67;89;32;40
1,68;99;35;59
1,30;93;55;59
1,25;53;34;46
1,80;60;19;66
1,49;97;44;26
1,83;78;23;35
1,78;72;23;25
1,66;62;22;73
1,52;68;29;34
1,21;62;42;59
1,27;79;49;20
1,78;75;24;47
1,88;73;21;28
1,74;77;25;53
1,84;67;20;39
1,29;88;53;55
1,53;97;41;46
1,79;78;24;40
1,90;87;24;33
1,50;64;29;37
1,77;82;26;34
1,34;64;36;70
1,23;88;58;45
1,20;59;41;34
1,39;78;40;34
1,88;51;15;38
1,79;94;29;25
1,32;72;42;57
1,21;107;73;20
1,37;60;32;46
1,44;73;35;21
1,95;76;20;35
1,30;89;53;74
1,84;78;23;31
1,57;105;43;27
1,63;74;28;47
1,43;69;34;31
1,60;78;31;28
1,47;76;35;26
1,34;89;49;21
1,41;111;56;55
1,76;50;16;39
1,29;91;55;56
1,54;91;38;74
1,64;90;34;61
1,74;85;28;61
1,55;104;43;64
1,97;61;16;38
1,77;78;25;66
1,95;63;17;27
1,38;86;45;33
1,40;107;55;35
1,54;94;40;51
1,78;53;17;40
1,40;109;56;38
1,25;96;62;21
1,27;91;56;51
1,56;91;37;65
1,24;82;53;49
1,38;62;33;58
1,42;47;23;37
1,56;106;43;46
1,77;104;33;70
1,32;81;46;50
1,29;94;57;34
1,99;82;21;55
1,46;68;32;28
1,48;48;22;40
1,54;91;38;63
1,58;101;40;58
1,77;64;20;19
1,47;61;28;53
1,49;59;26;61
1,62;99;38;58
1,23;67;44;68
1,94;105;28;53
1,21;102;70;22
1,99;90;23;55
1,92;51;14;39
1,91;51;14;41
1,29;85;51;23
1,62;102;39;67
1,40;97;50;45
1,70;65;23;49
1,28;81;50;31
1,26;96;61;22
1,37;102;55;40
1,92;105;28;27
1,77;87;28;64
1,47;81;37;24
1,57;77;31;48
1,90;95;26;36
1,48;60;28;64
1,97;71;18;49
2,00;96;24;59
1,78;54;17;22
1,93;100;27;32
1,24;57;37;22
1,53;73;31;37
1,92;90;24;27
1,41;61;31;33
1,61;54;21;26
1,85;76;22;55
1,84;92;27;52
1,60;104;41;60
1,87;57;16;56
1,21;91;62;35
1,75;88;29;67
1,56;85;35;65
1,75;72;23;68
1,49;60;27;44
1,26;48;30;65
1,38;110;58;53
1,47;93;43;68
1,47;74;34;21
1,39;95;49;20
1,86;93;27;72
1,93;78;21;69
1,50;61;27;24
1,77;73;23;29
1,76;84;27;46
1,67;107;38;56
1,44;103;50;74
1,33;59;33;43
1,30;54;32;73
1,90;62;17;56
1,32;79;45;23
1,89;56;16;56
1,24;74;48;36
1,99;80;20;46
1,33;79;44;51
1,95;80;21;27
1,22;67;45;22
1,65;110;40;74
1,21;75;51;67
1,65;65;24;46
1,43;52;25;60
1,53;77;33;25
1,43;48;23;61
1,43;101;49;48
1,64;46;17;50
1,42;61;30;57
1,57;55;22;39
1,44;87;42;44
1,73;95;32;56
1,60;97;38;42
1,97;81;21;56
1,75;50;16;21
1,46;58;27;38
1,63;107;40;49
1,82;106;32;43
1,36;99;54;34
1,67;55;20;21
1,94;77;21;29
1,64;97;36;60
1,59;95;38;59
1,78;110;35;49
1,43;82;40;39
1,33;51;29;53
1,93;53;14;37
1,47;75;35;68
1,74;102;34;73
1,47;72;33;63
1,76;55;18;61
1,98;86;22;40
1,89;79;22;69
1,29;89;53;34
1,64;97;36;41
1,86;99;29;37
1,37;50;27;62
1,91;83;23;38
1,75;66;22;21
1,67;75;27;30
1,73;108;36;47
1,39;58;30;34
1,69;67;24;46
1,58;48;19;27
1,86;53;15;50
1,64;53;20;19
1,75;92;30;49
1,93;78;21;36
1,49;84;38;61
1,90;55;15;38
1,65;75;28;28
1,52;63;27;43
1,97;106;27;27
1,84;51;15;26
1,29;62;37;40
1,64;84;31;31
1,23;54;35;43
1,87;110;31;49
1,86;85;25;50
1,86;50;14;59
1,42;92;45;53
1,73;90;30;29
1,97;94;24;27
1,56;104;43;45
1,93;72;19;73
1,21;80;55;19
1,52;98;42;71
1,26;103;65;23
1,54;71;30;48
1,94;111;30;26
1,91;73;20;32
1,57;71;29;70
1,29;56;34;50
1,68;98;35;51
1,26;74;47;25
1,99;61;15;20
1,86;85;24;68
1,54;62;26;62
1,65;83;30;46
1,30;92;54;57
1,31;81;47;44
1,96;97;25;44
1,53;101;43;64
1,72;103;35;49
1,85;51;15;60
1,49;99;44;74
1,51;57;25;30
1,50;49;22;63
1,54;69;29;46
1,77;47;15;35
1,81;99;30;39
1,40;71;36;32
1,49;103;46;60
1,80;71;22;37
1,63;78;29;68
1,37;78;41;51
1,94;89;24;49
1,82;80;24;51
1,64;46;17;66
1,35;98;53;20
1,65;70;26;30
1,23;99;66;71
1,95;80;21;45
1,57;98;40;31
1,70;59;20;29
1,68;79;28;33
1,26;77;48;34
1,69;64;22;31
1,98;76;19;35
1,72;101;34;62
1,48;94;43;46
1,47;53;25;44
1,91;86;23;31
1,23;55;37;60
1,99;74;19;19
1,94;88;23;39
1,68;93;33;58
1,21;89;61;41
1,97;71;18;30
1,86;65;19;22
1,49;96;43;43
1,76;60;19;66
1,97;69;18;43
1,52;106;46;60
1,44;109;52;57
1,41;72;36;49
1,99;83;21;25
1,39;68;35;48
1,40;55;28;27
1,30;99;59;42
1,89;56;16;61
1,73;82;27;73
1,67;51;18;39
1,32;86;50;59
1,23;61;40;27
1,77;69;22;71
1,98;56;14;67
1,99;49;12;66
1,28;66;40;68
1,54;65;27;72
1,76;56;18;32
1,60;78;30;64
1,87;103;29;67
1,82;66;20;47
1,25;61;39;49
1,32;109;63;29
1,92;103;28;43
1,68;69;24;23
1,33;110;62;72
1,85;80;23;48
1,86;68;20;32
1,27;97;61;71
1,66;94;34;25
1,90;108;30;71
1,30;50;29;73
1,53;93;40;49
1,62;69;26;50
1,96;70;18;59
1,63;91;34;69
1,73;111;37;38
1,47;59;27;60
1,81;60;18;67
1,95;105;28;32
1,87;63;18;37
1,63;50;19;25
1,66;48;17;39
1,67;78;28;55
1,37;87;46;53
1,21;84;57;40
1,42;102;51;27
1,99;107;27;70
1,71;46;16;74
1,31;94;55;71
1,58;49;20;47
1,76;92;30;46
1,98;81;21;35
2,00;94;24;44
1,91;80;22;32
1,27;104;64;72
1,95;110;29;51
1,73;54;18;30
1,52;111;48;53
1,77;50;16;35
1,48;111;51;30
1,85;77;22;24
1,34;90;50;40
1,47;93;43;57
1,34;107;59;43
1,63;107;40;19
1,66;100;36;64
1,53;52;22;57
1,64;89;33;60
1,96;106;28;59
1,96;95;25;48
1,93;101;27;73
1,43;104;51;51
1,81;92;28;65
1,97;48;12;21
1,60;109;42;23
1,41;65;33;28
1,81;103;31;47
1,74;86;28;51
1,65;101;37;38
1,33;107;60;56
1,91;84;23;61
1,61;87;33;34
1,64;68;25;52
1,66;65;24;55
1,37;71;38;34
1,21;78;53;28
1,29;47;28;50
1,33;66;37;35
1,73;67;22;43
1,35;67;37;56
1,62;79;30;19
1,46;97;46;69
1,61;47;18;67
1,70;56;19;30
1,78;97;31;64
1,62;58;22;51
1,29;109;65;44
1,49;93;42;45
1,88;72;20;53
1,91;67;18;24
1,60;103;40;21
1,31;82;48;68
1,22;54;36;49
1,84;83;25;59
1,88;46;13;29
1,55;73;31;61
1,58;66;26;61
1,96;74;19;20
1,64;47;17;67
1,87;99;28;67
1,51;99;43;68
1,34;54;30;44
1,94;86;23;69
1,68;95;34;24
1,48;95;44;42
1,53;85;36;31
1,41;108;54;21
1,36;51;28;41
1,66;80;29;70
1,65;49;18;19
1,26;70;44;42
1,63;57;21;24
1,50;87;38;25
1,89;86;24;60
1,30;59;35;30
1,65;99;36;59
1,59;103;41;47
1,37;83;44;25
1,87;68;19;50
1,92;110;30;26
1,49;109;49;67
1,64;56;21;29
1,60;72;28;20
1,30;48;29;46
1,49;68;31;64
1,92;67;18;63
1,36;80;43;38
1,92;70;19;48
1,67;84;30;47
1,72;55;19;50
1,77;60;19;19
1,32;51;29;45
1,98;60;15;41
1,96;111;29;66
1,56;110;45;45
1,66;64;23;71
1,53;94;40;34
1,82;84;25;38
1,26;93;59;35
1,85;54;16;23
1,92;56;15;51
1,84;81;24;52
1,99;69;17;37
1,62;78;30;54
1,65;59;22;20
1,20;70;48;32
1,29;57;34;44
1,29;87;52;70
1,67;87;31;44
1,69;107;38;62
1,45;100;48;32
1,48;110;50;40
1,41;101;50;58
1,60;54;21;27
1,64;74;27;71
1,44;92;44;47
1,38;51;27;35
1,39;69;36;74
1,69;86;30;60
1,91;59;16;42
1,95;72;19;46
1,42;49;24;67
1,24;94;61;28
1,54;65;28;47
1,66;91;33;30
1,57;58;23;32
1,32;89;51;30
1,43;111;54;32
1,52;48;21;66
1,64;103;38;67
1,21;101;69;23
1,22;109;73;48
1,79;102;32;49
1,71;71;24;46
1,35;50;27;41
1,29;95;57;72
1,57;46;19;66
1,44;70;34;70
1,42;56;28;42
1,60;76;30;70
1,58;84;34;59
1,48;103;47;67
1,79;73;23;48
1,85;71;21;47
1,89;100;28;22
1,71;64;22;56
1,34;93;52;28
1,74;98;32;23
1,46;74;35;47
1,56;46;19;21
1,41;65;33;43
1,66;75;27;24
1,46;88;41;20
1,52;53;23;71
1,43;52;26;72
2,00;105;26;61
1,25;59;38;38
1,94;110;29;27
1,91;110;30;51
1,72;99;33;28
1,56;98;40;29
1,84;100;30;35
1,69;46;16;54
1,32;55;32;21
1,80;54;17;38
1,41;89;45;38
1,81;109;33;39
1,33;57;32;70
1,97;102;26;68
1,25;75;48;37
1,23;90;60;23
1,89;75;21;56
1,28;99;60;56
1,53;69;29;53
1,28;55;33;47
1,33;107;61;72
1,83;107;32;43
1,66;53;19;70
1,51;83;36;73
1,79;105;33;48
1,94;78;21;43
1,75;101;33;53
1,38;50;26;49
1,26;48;30;61
1,70;85;30;47
1,30;75;44;64
1,22;56;38;57
1,94;111;30;30
1,76;76;25;48
1,58;54;22;19
1,46;77;36;34
1,52;102;44;34
1,52;60;26;26
1,45;86;41;62
1,81;108;33;37
1,53;84;36;23
1,69;81;28;41
1,93;107;29;69
1,90;111;31;73
1,50;75;33;40
1,79;102;32;28
1,32;65;37;61
1,26;63;40;32
1,34;89;50;63
1,30;73;43;49
1,71;90;31;30
1,79;103;32;64
1,60;71;28;49
1,87;78;22;42
1,64;101;38;51
1,93;92;25;27
1,51;94;41;30
1,20;89;61;37
1,97;54;14;41
1,56;72;30;60
1,44;89;43;71
1,67;97;35;63
1,41;48;24;35
1,90;59;16;63
1,61;84;32;40
1,53;65;28;64
1,55;66;27;51
1,94;47;13;30
1,32;47;27;73
1,56;92;38;48
1,31;106;62;71
1,91;105;29;40
1,72;84;29;70
1,24;97;63;41
1,57;86;35;25
1,91;58;16;34
1,39;75;39;23
1,47;48;22;36
1,25;49;31;56
1,78;53;17;69
1,64;103;38;55
1,67;85;30;52
1,23;47;31;54
1,24;100;65;74
1,50;102;45;51
1,65;108;40;51
1,80;48;15;73
1,68;59;21;27
1,81;54;16;55
1,96;102;27;57
1,99;77;19;34
1,98;64;16;74
1,86;70;20;24
1,81;85;26;55
1,92;108;29;62
1,33;90;51;74
1,74;85;28;73
1,26;53;33;50
1,35;108;59;65
1,37;110;59;55
1,56;95;39;27
1,36;104;56;28
1,91;90;25;22
1,93;78;21;23
1,29;108;65;60
1,64;84;31;31
1,83;54;16;45
1,83;102;30;74
1,65;79;29;45
1,87;66;19;20
1,59;90;36;20
1,28;99;60;69
1,67;70;25;48
1,21;56;38;73
1,99;49;12;49
1,91;107;29;38
1,30;92;55;53
1,56;108;45;62
1,77;99;32;69
1,95;60;16;42
1,24;85;55;32
1,91;97;27;66
1,46;89;42;39
1,65;108;40;43
1,59;72;29;37
1,61;109;42;36
1,59;103;41;61
1,53;101;43;62
1,34;67;37;28
1,77;85;27;69
1,69;101;35;69
1,93;91;24;52
1,74;77;25;70
1,20;83;58;70
1,78;97;31;65
1,61;80;31;54
1,98;53;14;29
1,94;104;28;47
1,68;108;38;36
1,35;72;40;37
1,69;55;19;25
1,85;106;31;61
1,36;97;53;33
1,34;85;48;35
1,64;86;32;24
1,26;100;63;39
1,43;94;46;43
1,86;102;29;47
1,39;65;33;60
1,98;99;25;49
1,76;50;16;33
1,45;61;29;27
1,95;49;13;46
1,32;87;50;26
1,66;51;19;57
1,21;57;39;65
1,46;97;46;70
1,48;108;49;72
1,56;76;31;21
1,56;53;22;24
1,31;88;51;28
1,43;68;33;40
1,53;101;43;69
1,56;62;25;32
1,73;50;17;30
1,74;75;25;25
1,95;99;26;65
1,45;69;33;45
1,93;98;26;62
1,57;105;43;45
1,96;103;27;25
1,60;46;18;70
1,96;78;20;59
1,87;86;25;34
1,58;103;41;67
1,36;51;27;49
1,74;77;25;72
1,66;61;22;66
1,47;63;29;45
1,38;92;49;72
1,73;71;24;64
1,54;62;26;31
1,27;94;58;66
1,49;108;49;63
1,78;58;18;56
1,79;108;34;41
1,85;107;31;51
1,80;57;18;37
1,54;96;41;22
1,45;74;35;54
1,81;76;23;26
1,78;85;27;38
1,90;52;14;71
1,54;69;29;66
1,96;49;13;74
1,39;47;24;58
1,77;68;22;68
1,82;68;21;56
1,84;89;26;44
1,88;48;14;50
1,36;72;39;65
1,84;69;20;39
1,27;91;56;30
1,87;88;25;44
1,27;55;34;34
2,00;82;21;40
1,96;108;28;19
2,00;84;21;49
1,62;99;38;46
1,57;57;23;39
1,84;82;24;47
1,87;77;22;54
1,41;50;25;48
1,55;89;37;25
1,62;94;36;27
1,66;53;19;44
1,69;51;18;58
1,76;71;23;70
1,64;83;31;73
1,38;53;28;72
1,91;72;20;52
1,69;82;29;27
1,21;78;54;29
1,65;87;32;72
1,34;53;29;21
1,76;91;29;39
1,35;70;38;62
1,33;101;57;33
1,96;49;13;50
1,62;101;38;73
1,46;67;32;36
1,27;52;32;52
1,25;64;41;31
1,55;92;38;30
1,72;59;20;22
1,66;90;33;58
1,30;51;30;73
1,48;86;39;51
1,57;59;24;20
1,51;84;37;50
1,32;61;35;59
1,51;96;42;30
1,88;78;22;25
1,78;110;35;52
1,69;101;36;52
1,76;96;31;59
1,40;83;42;44
1,36;63;34;62
1,28;84;51;19
1,45;83;40;19
1,30;75;44;33
1,59;52;21;73
1,86;48;14;53
1,75;95;31;30
1,62;111;42;62
1,36;88;47;50
1,80;66;20;71
1,31;58;34;29
1,91;58;16;52
1,31;101;59;20
1,36;91;49;29
1,47;52;24;28
1,44;46;22;55
1,75;93;30;28
1,73;71;24;36
1,34;51;29;19
1,45;62;29;56
1,79;71;22;64
1,67;89;32;59
1,71;67;23;65
1,60;94;37;36
1,29;110;66;42
1,94;51;14;19
1,25;48;31;57
1,57;62;25;38
1,49;54;24;54
1,21;87;59;74
1,20;51;35;52
1,82;60;18;67
1,28;99;60;36
1,36;84;46;71
1,74;51;17;73
1,82;81;25;55
1,97;104;27;65
1,31;106;62;64
1,95;89;23;44
1,38;77;41;43
1,90;88;24;50
1,26;67;42;42
1,26;76;48;71
1,97;102;26;24
1,94;61;16;33
1,66;87;32;21
1,68;82;29;64
1,58;66;27;63
1,77;51;16;48
1,64;51;19;65
1,90;94;26;19
1,79;108;34;68
1,42;51;25;32
1,32;55;32;41
1,69;77;27;20
1,48;73;33;72
1,64;59;22;47
1,74;97;32;60
1,86;57;16;69
1,67;48;17;20
1,24;80;52;54
1,61;105;41;42
1,30;88;52;52
1,42;89;44;53
1,41;100;50;32
1,51;85;37;39
1,85;79;23;71
1,83;66;20;38
1,88;71;20;57
1,82;59;18;23
1,60;94;37;53
1,33;63;36;53
1,37;81;43;44
1,60;77;30;56
1,80;82;25;38
1,27;107;67;35
1,49;74;33;50
1,42;56;28;24
1,93;74;20;35
1,79;85;26;48
1,34;89;49;50
1,92;101;27;68
1,47;93;43;22
1,45;61;29;72
1,76;76;25;28
1,94;109;29;22
1,97;73;19;50
1,31;98;58;65
1,36;80;43;48
1,24;95;62;57
1,56;106;43;52
1,43;105;51;26
1,62;63;24;50
1,35;91;50;31
1,52;61;27;56
1,44;98;47;33
1,65;51;19;37
2,00;89;22;38
1,82;53;16;22
1,20;95;66;22
1,61;78;30;59
1,59;104;41;40
1,34;72;40;41
1,62;73;28;65
1,34;51;28;64
1,59;99;39;29
1,88;101;28;40
1,21;46;31;56
1,26;68;43;66
1,55;99;41;29
1,78;104;33;40
1,97;67;17;67
1,52;93;40;70
1,84;110;33;67
1,88;49;14;26
1,33;64;36;38
1,29;48;29;71
1,53;74;32;62
1,84;58;17;58
1,80;73;22;60
1,43;63;31;37
1,89;64;18;46
1,22;104;70;31
1,32;97;55;62
1,99;83;21;35
1,54;86;36;24
1,94;108;29;27
1,88;107;30;52
1,56;93;38;60
1,56;76;31;30
1,27;85;52;26
1,24;76;50;26
1,91;81;22;30
1,44;88;42;56
1,53;101;43;30
1,59;106;42;46
1,81;107;33;73
1,43;75;36;74
1,56;68;28;55
1,79;78;24;29
1,50;68;30;70
1,78;56;18;26
1,78;55;17;29
1,32;79;45;19
1,64;53;20;48
1,33;65;37;24
1,36;72;39;53
1,32;86;49;48
1,85;59;17;41
1,46;90;42;71
1,83;91;27;40
1,53;71;30;65
1,23;99;65;35
1,82;102;31;36
1,26;106;67;25
1,33;79;44;66
1,40;83;42;40
1,36;98;53;69
1,39;64;33;46
1,59;98;39;61
1,93;73;20;68
1,62;48;18;58
1,78;65;21;22
1,71;90;31;60
1,40;65;33;60
1,44;74;36;46
1,71;92;31;61
1,40;64;32;43
1,68;86;30;45
1,28;48;29;27
1,57;103;42;48
1,29;53;32;30
1,70;90;31;49
1,73;108;36;53
1,27;108;67;60
1,83;96;29;47
1,43;77;38;62
1,54;73;31;44
1,88;79;22;66
1,89;50;14;37
1,34;94;52;29
1,53;111;48;30
1,70;98;34;28
1,94;111;29;19
1,43;68;33;47
1,78;46;15;66
1,95;105;28;46
1,89;65;18;22
1,50;56;25;50
1,89;95;27;39
1,53;103;44;74
1,78;82;26;49
1,48;51;23;55
1,36;103;56;56
1,21;93;64;56
1,99;93;23;73
1,51;102;45;41
1,72;109;37;42
1,76;100;32;54
1,28;68;41;21
1,29;111;67;31
1,53;107;46;41
1,26;100;63;22
1,33;92;52;30
1,63;96;36;38
1,71;110;38;62
1,23;67;45;49
1,57;92;37;45
1,51;76;33;33
1,86;75;22;73
1,96;77;20;22
1,75;83;27;72
1,74;103;34;62
1,54;86;36;50
1,33;49;28;23
1,24;107;70;41
1,74;103;34;61
1,50;87;39;30
1,87;91;26;58
1,42;111;55;51
1,39;91;47;33
1,89;72;20;73
1,64;105;39;67
1,28;109;66;67
1,84;85;25;51
1,56;69;28;48
1,91;67;18;63
1,62;90;34;38
1,48;101;46;34
1,75;77;25;22
1,78;80;25;35
1,80;56;17;43
1,32;61;35;57
1,80;81;25;20
1,44;49;24;49
1,70;87;30;27
1,43;103;50;49
1,43;102;50;36
1,84;77;23;30
1,41;103;52;55
1,44;109;52;44
1,82;100;30;36
1,79;65;20;37
1,73;48;16;73
1,85;76;22;28
1,94;86;23;51
1,29;78;47;60
1,87;78;22;19
1,71;52;18;40
1,31;57;33;25
1,73;98;33;61
1,25;93;60;24
1,88;55;16;39
1,39;77;40;57
1,25;63;41;31
1,28;110;68;30
1,70;51;18;71
1,38;48;25;47
1,35;107;59;64
1,24;99;64;21
1,80;89;27;30
1,36;67;36;63
1,20;62;43;69
1,31;89;52;33
1,64;103;38;33
1,57;98;40;63
1,25;76;49;40
1,23;54;35;25
1,79;63;20;54
1,62;56;21;40
1,79;53;16;49
1,30;92;54;60
1,98;101;26;46
1,50;50;22;57
1,68;57;20;22
1,78;60;19;54
1,96;79;21;26
1,71;63;22;28
1,97;60;15;29
1,84;64;19;38
1,29;54;32;35
1,26;49;31;70
1,96;77;20;23
1,98;94;24;34
1,54;76;32;63
1,34;102;57;67
1,52;85;37;33
1,82;74;22;50
1,52;73;32;60
1,86;108;31;52
2,00;97;24;53
1,73;74;25;41
1,98;62;16;55
1,95;108;28;23
1,30;65;38;24
1,84;88;26;58
1,55;66;28;27
1,67;80;29;51
1,73;48;16;65
1,88;100;28;74
1,94;68;18;34
1,76;79;26;67
1,42;68;34;33
1,44;78;38;44
1,94;104;28;72
1,25;52;33;31
1,34;67;37;19
1,20;72;50;21
1,44;104;50;52
1,54;98;41;53
1,71;68;23;37
1,64;47;17;71
1,50;70;31;60
1,31;52;30;40
1,24;72;47;42
1,55;62;26;50
1,48;48;22;37
1,41;65;33;62
1,86;109;31;67
1,35;63;34;58
1,60;73;29;72
1,25;72;46;56
1,81;48;15;63
1,85;78;23;56
1,34;95;53;53
2,00;81;20;66
1,69;81;28;31
1,94;60;16;74
1,21;46;31;26
1,74;100;33;21
1,31;103;60;42
1,31;108;63;29
1,83;54;16;50
1,91;70;19;30
1,91;67;18;28
1,87;93;27;27
1,77;109;35;21
1,25;93;59;53
1,74;71;24;59
1,53;50;21;35
1,72;67;23;36
1,93;74;20;70
1,90;93;26;71
1,52;88;38;54
1,41;111;56;48
1,89;77;22;73
1,55;74;31;38
1,28;83;51;25
1,86;94;27;31
1,97;70;18;28
1,58;87;35;50
1,40;97;49;36
1,66;57;21;34
1,34;108;60;28
1,92;94;26;28
1,47;76;35;65
1,86;78;22;29
1,49;53;24;43
1,56;105;43;61
1,40;50;26;49
1,59;93;37;36
1,86;74;21;20
1,94;94;25;30
1,33;108;61;37
1,90;100;28;19
1,67;69;25;50
1,89;108;30;25
1,71;72;25;46
1,59;83;33;66
1,83;104;31;34
1,42;83;41;74
1,55;109;45;60
1,37;64;34;54
1,80;61;19;43
1,98;58;15;35
1,54;99;41;61
1,31;57;33;62
1,90;79;22;33
1,59;47;19;68
1,59;58;23;64
1,85;96;28;24
1,81;94;29;43
1,84;57;17;57
1,59;82;33;61
1,60;85;33;58
1,31;83;48;68
1,49;83;38;48
1,22;96;64;71
1,73;87;29;28
1,76;95;31;25
1,94;60;16;45
1,30;102;60;49
1,89;74;21;68
1,81;61;19;30
1,72;52;18;19
1,21;60;41;21
1,22;51;34;38
1,45;95;45;64
1,33;63;36;39
1,71;75;26;72
1,87;82;23;31
1,71;64;22;56
1,67;78;28;61
1,39;64;33;22
1,87;97;28;54
1,67;62;22;42
2,00;85;21;45
1,80;68;21;50
1,70;84;29;26
1,63;100;38;23
1,87;61;17;33
1,95;65;17;50
1,96;90;23;62
1,39;49;25;61
1,47;94;43;51
1,60;53;21;28
1,58;79;31;28
1,90;72;20;32
1,96;55;14;44
1,50;58;26;47
1,24;46;30;73
1,21;47;32;45
1,30;83;49;57
1,71;103;35;74
1,89;88;25;23
1,85;107;31;28
1,44;52;25;72
1,97;50;13;55
1,70;64;22;58
1,52;97;42;64
1,21;109;74;52
1,33;86;49;39
1,33;92;52;59
1,78;47;15;33
1,30;71;42;65
1,70;52;18;56
1,38;46;24;24
1,98;89;23;23
1,24;63;41;27
1,69;58;20;38
1,39;98;51;23
1,76;59;19;41
1,59;106;42;60
1,83;64;19;55
1,76;52;17;35
1,63;81;30;35
1,29;96;57;44
1,78;94;30;62
1,49;84;38;55
1,97;104;27;44
1,90;79;22;30
1,91;75;21;21
1,67;107;38;64
1,88;51;14;65
1,53;79;34;63
1,93;100;27;39
1,70;86;30;40
1,66;81;29;33
1,29;91;55;30
1,78;95;30;27
1,98;104;26;66
1,96;87;23;73
1,73;88;29;23
1,46;103;49;52
1,94;110;29;57
1,43;77;38;54
1,49;58;26;22
1,28;109;67;32
1,38;47;25;45
1,39;110;57;49
1,95;79;21;32
1,45;75;36;44
1,86;73;21;20
1,66;46;17;36
1,87;89;26;22
1,37;110;58;59
1,61;52;20;21
1,20;75;52;74
1,62;60;23;36
1,73;79;26;63
1,92;110;30;34
1,55;55;23;31
1,75;85;28;68
1,50;77;34;63
1,99;53;13;33
1,30;58;34;31
1,81;92;28;67
1,31;84;49;41
1,44;79;38;45
1,55;49;20;21
1,29;102;62;28
1,99;52;13;34
1,71;56;19;32
1,77;72;23;30
1,43;95;46;23
1,32;75;43;43
1,92;98;27;53
1,89;93;26;43
1,97;70;18;49
1,55;89;37;34
1,32;57;33;20
1,76;109;35;31
1,30;110;65;25
1,76;61;20;72
1,30;101;60;31
1,23;79;52;25
1,64;101;37;43
1,93;97;26;49
1,55;67;28;74
1,52;53;23;40
1,63;100;38;32
1,60;72;28;66
1,51;82;36;30
1,90;83;23;37
1,99;50;13;51
1,34;93;52;36
1,92;57;15;44
1,95;53;14;42
1,79;59;18;39
1,53;65;28;43
1,67;104;37;45
1,61;81;31;37
1,32;54;31;35
1,55;102;42;34
1,24;98;63;35
1,91;103;28;38
1,58;68;27;73
1,82;73;22;25
1,33;103;58;57
1,87;83;24;73
1,74;103;34;42
1,40;56;28;47
1,21;84;57;70
1,97;69;18;23
2,00;75;19;20
1,60;93;36;64
1,66;54;20;29
1,45;89;42;33
1,55;89;37;22
1,95;105;28;61
1,63;104;39;29
1,86;57;17;24
1,50;65;29;20
1,66;47;17;67
1,69;96;34;21
1,57;111;45;23
1,33;77;43;55
1,85;96;28;21
1,69;52;18;65
1,69;49;17;45
1,54;63;27;32
1,49;47;21;22
1,99;105;27;65
1,87;90;26;46
1,85;106;31;42
1,71;66;23;62
1,85;105;31;35
1,67;61;22;30
1,65;92;34;71
1,36;107;58;26
1,83;80;24;64
1,99;46;12;29
1,32;78;45;47
1,40;93;48;19
1,58;64;26;39
1,96;97;25;41
1,68;76;27;36
1,37;56;30;56
1,21;93;63;29
1,81;111;34;56
1,66;99;36;50
1,45;78;37;73
1,32;46;26;56
1,29;73;44;46
1,38;94;50;57
1,73;60;20;60
1,39;46;24;68
1,90;57;16;35
1,23;78;51;55
1,49;59;27;66
1,68;75;27;26
1,24;80;52;44
1,87;97;28;72
1,79;109;34;43
1,48;80;37;45
1,62;76;29;61
1,99;66;17;64
1,25;78;50;23
1,89;73;20;60
1,82;48;15;45
1,47;61;28;35
1,77;47;15;19
1,69;67;23;74
2,00;59;15;28
1,57;70;29;22
1,50;51;23;32
1,26;81;51;66
1,62;77;29;55
1,26;90;56;45
1,56;68;28;62
1,92;72;20;74
1,36;83;45;31
1,95;88;23;35
1,29;75;45;23
1,73;95;32;42
1,36;64;35;40
1,81;109;33;62
1,21;72;49;64
1,65;101;37;46
1,22;90;61;39
1,44;94;45;60
1,23;90;59;31
1,94;76;20;29
1,81;65;20;73
1,70;46;16;45
1,51;99;44;27
1,69;56;20;49
1,85;105;31;21
1,72;56;19;72
1,78;71;22;43
1,33;63;36;73
1,81;66;20;37
1,85;107;31;34
1,60;105;41;26
1,34;61;34;43
1,85;107;31;36
1,38;101;53;60
1,68;50;18;54
1,78;66;21;25
1,23;62;41;27
1,56;90;37;31
1,66;68;25;49
1,38;98;51;30
1,92;86;23;30
1,62;62;24;67
1,52;68;29;20
1,48;79;36;70
1,88;82;23;66
1,34;60;34;41
1,23;84;56;44
1,93;64;17;21
1,46;74;35;70
1,81;57;17;74
1,63;89;34;30
1,86;92;27;25
1,93;47;13;21
1,72;87;30;20
1,87;55;16;36
1,55;93;39;25
1,43;51;25;67
1,53;57;24;24
1,24;84;55;72
1,96;103;27;21
1,25;106;68;21
1,28;51;31;60
1,39;110;57;29
1,48;73;33;34
1,68;51;18;27
1,53;88;38;34
1,23;91;60;26
1,31;75;43;61
1,67;87;31;28
1,92;62;17;47
1,38;79;41;58
1,30;59;35;72
1,48;82;37;45
1,47;98;46;65
1,57;92;37;56
1,76;58;19;50
1,28;94;57;33
1,55;86;36;43
1,49;80;36;42
1,50;72;32;42
1,27;73;46;51
1,79;65;20;37
1,56;107;44;46
1,27;47;29;72
1,77;66;21;26
1,57;107;44;21
1,86;85;24;68
1,26;60;38;35
1,42;79;39;60
1,26;69;43;73
1,35;56;31;32
1,39;84;43;53
1,69;56;20;22
1,53;78;33;47
1,65;84;31;62
1,78;71;22;24
1,41;68;34;60
1,80;54;17;43
2,00;103;26;60
1,38;85;45;69
1,40;47;24;62
1,29;92;55;24
1,23;106;70;67
1,75;59;19;44
1,46;111;52;68
1,63;110;41;55
1,27;80;50;68
1,98;86;22;64
1,93;67;18;31
1,44;104;50;33
1,67;55;20;63
1,57;54;22;22
1,82;103;31;63
1,42;100;50;38
1,57;58;23;47
1,43;68;33;50
1,50;73;33;20
1,92;88;24;74
1,84;67;20;62
1,55;86;36;33
1,46;52;24;55
1,86;97;28;29
1,64;68;25;50
1,29;84;51;42
1,92;62;17;37
1,70;48;17;37
1,98;86;22;59
1,29;88;53;64
1,85;69;20;32
1,75;103;34;43
1,81;69;21;33
1,29;67;40;53
1,57;83;34;24
1,69;81;28;21
1,20;106;73;29
1,65;64;24;26
1,72;83;28;65
1,45;91;43;33
1,30;67;40;73
1,56;98;40;35
1,70;58;20;51
1,52;47;20;68
1,96;91;24;19
1,54;54;23;27
1,90;53;15;33
1,42;47;23;64
1,53;109;47;30
1,32;75;43;31
1,44;47;23;42
1,50;73;33;50
1,20;52;36;54
1,88;76;22;52
1,52;90;39;59
1,30;49;29;53
1,96;89;23;38
1,97;55;14;45
1,22;56;37;49
1,59;88;35;72
1,89;101;28;39
1,44;109;52;74
1,94;77;20;55
1,40;79;41;30
1,74;55;18;34
1,50;80;36;42
1,29;81;49;47
1,50;92;41;62
1,69;63;22;32
1,54;49;21;25
1,45;75;35;49
1,64;61;23;20
1,53;95;40;52
1,22;51;34;53
1,88;91;26;41
1,71;51;17;39
1,50;68;30;19
1,71;95;33;42
1,90;81;22;57
1,60;65;25;54
1,85;100;29;53
1,25;89;57;56
1,65;47;17;70
1,33;68;38;65
1,56;69;28;41
2,00;98;25;21
1,71;85;29;74
1,28;53;32;24
1,22;57;38;32
1,56;84;35;50
1,93;111;30;28
1,76;99;32;62
1,79;83;26;51
1,67;52;19;58
1,26;107;68;53
1,28;82;50;48
1,61;69;27;32
1,63;68;26;27
1,62;100;38;49
1,32;99;56;40
1,52;70;30;51
1,82;59;18;52
1,23;87;58;70
1,72;80;27;55
1,86;95;27;37
1,59;50;20;27
1,70;55;19;33
1,92;87;24;43
1,57;55;22;69
1,69;81;28;25
1,28;64;39;69
1,60;93;36;27
1,35;58;32;36
1,79;68;21;45
1,69;50;18;51
1,22;98;66;55
1,46;72;34;35
1,98;106;27;63
1,63;58;22;55
1,99;71;18;37
1,86;100;29;44
1,95;72;19;68
1,77;110;35;23
1,95;57;15;72
1,94;110;29;69
1,32;111;64;70
1,56;100;41;37
1,90;64;18;73
1,49;76;34;52
1,53;80;34;64
1,92;98;27;68
1,93;75;20;43
1,39;59;30;53
1,45;108;51;65
1,57;103;42;49
1,91;95;26;24
1,85;73;21;19
1,60;68;27;61
1,21;104;71;56
1,30;69;41;34
1,81;82;25;35
1,39;91;47;73
1,46;110;52;62
1,71;94;32;32
1,77;64;20;48
1,34;82;46;68
1,50;83;37;51
1,53;84;36;68
1,86;92;26;62
1,26;59;37;34
1,63;106;40;60
1,74;70;23;53
1,46;105;49;53
1,61;47;18;62
1,90;47;13;58
1,67;74;26;54
1,21;54;37;72
1,87;89;26;57
1,59;49;19;65
1,40;107;54;63
1,75;61;20;31
1,36;55;30;49
1,63;94;36;55
1,68;102;36;23
1,84;96;28;72
1,41;47;24;26
1,64;107;40;63
1,69;105;37;64
1,37;101;54;45
1,46;75;35;22
1,84;93;27;64
1,83;72;22;24
1,69;94;33;69
1,77;48;15;56
1,28;97;59;40
1,92;46;13;38
1,75;57;19;30
1,82;65;20;61
1,56;81;33;59
1,20;80;55;52
1,77;91;29;41
1,33;47;27;53
1,67;64;23;35
1,93;111;30;73
1,37;77;41;71
1,40;110;56;73
1,29;70;42;74
1,27;107;66;63
1,99;59;15;42
1,32;93;53;45
1,86;85;24;20
1,32;50;29;19
1,77;59;19;44
1,30;90;53;41
1,75;102;33;72
1,97;51;13;31
1,58;70;28;41
1,64;81;30;74
1,30;90;53;58
1,37;108;57;44
1,98;62;16;70
1,20;95;66;53
1,42;86;42;35
1,93;106;29;49
1,32;92;53;58
1,51;61;27;66
1,85;64;19;35
1,96;74;19;70
1,54;61;26;56
1,93;84;22;51
1,57;77;31;44
1,57;99;40;70
1,89;62;17;31
1,64;104;38;27
1,75;77;25;25
1,64;54;20;24
1,31;92;54;36
1,72;75;25;49
1,29;108;65;41
1,92;47;13;26
1,79;84;26;46
1,40;89;45;52
1,97;64;16;41
1,66;87;32;61
1,79;81;25;74
1,78;53;17;21
1,27;103;64;51
1,55;48;20;32
1,95;102;27;45
1,99;83;21;47
1,65;67;25;74
1,89;103;29;30
1,22;51;34;24
1,36;85;46;21
1,49;65;29;57
1,72;71;24;68
1,67;108;39;23
1,76;64;21;35
1,53;90;38;45
1,33;55;31;35
1,27;104;64;27
1,20;60;42;21
1,55;86;36;28
1,99;93;23;53
1,97;60;15;66
1,47;51;23;32
1,35;102;56;67
1,94;109;29;23
1,77;92;29;35
1,53;110;47;35
1,36;83;45;55
1,68;76;27;51
1,89;60;17;44
1,35;75;41;43
1,68;74;26;54
1,29;108;65;21
1,72;69;23;34
1,76;109;35;24
1,32;106;61;27
1,43;61;30;45
1,99;64;16;47
1,60;91;36;65
1,38;66;35;60
1,58;77;31;61
1,33;105;59;38
1,35;107;59;48
1,87;54;15;52
1,68;77;27;44
1,78;105;33;72
1,83;80;24;48
1,44;83;40;48
1,63;97;37;49
1,83;67;20;73
1,34;55;31;43
1,25;98;63;21
1,28;61;37;35
1,63;71;27;21
1,22;59;40;47
1,88;69;20;69
1,78;46;14;35
1,98;70;18;54
1,39;48;25;25
1,85;78;23;29
1,22;90;61;73
1,40;103;53;47
1,83;90;27;73
1,83;52;15;19
1,79;47;15;47
1,79;109;34;36
1,26;81;51;19
1,61;46;18;22
1,38;69;36;40
1,25;62;40;48
1,71;94;32;33
1,27;96;60;67
1,56;92;38;51
1,98;103;26;64
1,53;83;35;21
1,58;87;35;47
1,96;71;18;25
1,84;93;27;21
1,53;78;33;42
1,23;91;60;74
1,95;97;25;38
1,97;88;23;46
1,69;79;28;56
1,69;76;27;58
1,60;111;44;71
1,47;81;38;25
1,93;63;17;55
1,49;52;23;23
1,50;104;46;34
1,72;67;23;67
1,52;95;41;25
1,79;49;15;50
1,84;72;21;45
1,48;64;29;56
1,58;75;30;51
1,74;105;35;69
1,98;81;21;64
1,50;60;27;34
1,26;47;30;47
1,21;72;49;61
1,64;50;19;37
1,48;55;25;40
1,37;68;36;25
1,69;99;35;24
1,91;71;20;26
1,90;47;13;57
1,62;70;27;22
1,46;108;50;48
1,26;85;54;56
1,37;108;57;72
1,69;52;18;64
1,73;58;19;71
1,33;103;58;56
1,62;110;42;64
1,98;75;19;42
1,51;74;32;37
1,30;67;40;60
1,54;102;43;63
1,97;105;27;71
1,80;63;19;65
1,28;99;60;27
1,57;59;24;57
1,78;87;27;43
1,58;96;38;25
1,54;70;29;43
1,40;78;40;68
1,90;109;30;55
1,55;53;22;42
1,29;81;49;60
1,48;72;33;47
1,34;62;35;60
1,84;103;31;44
1,49;105;47;36
1,74;90;30;53
1,80;70;22;64
1,33;68;39;68
1,76;102;33;73
1,36;109;59;73
1,84;61;18;24
1,93;67;18;36
1,40;48;24;21
1,75;107;35;54
1,97;75;19;61
1,76;91;29;69
1,56;104;43;37
1,33;110;63;63
1,33;80;46;48
1,22;109;73;34
1,49;88;40;68
1,47;97;45;48
1,22;68;46;20
1,85;101;30;21
1,87;95;27;28
1,28;46;28;67
1,70;83;29;61
1,28;61;37;33
1,33;66;37;35
1,81;92;28;68
1,21;81;55;35
1,66;53;19;21
1,46;76;35;68
1,98;98;25;62
1,24;106;69;51
1,71;106;36;56
1,98;62;16;36
1,57;99;40;43
1,44;101;49;58
1,73;96;32;43
1,53;60;25;36
1,75;88;29;50
1,43;71;35;67
1,51;63;28;57
1,45;103;49;34
1,37;109;58;53
1,90;73;20;43
1,61;88;34;21
1,38;63;33;19
1,63;67;25;67
1,27;59;37;56
1,92;48;13;28
1,70;81;28;68
1,24;52;34;69
1,86;104;30;72
1,27;62;38;55
1,37;103;55;25
1,91;108;29;63
1,90;72;20;60
1,79;49;15;64
1,81;76;23;68
2,00;61;15;72
1,47;94;44;45
1,38;77;41;19
1,87;108;31;67
1,82;85;26;64
1,69;96;34;66
1,30;107;64;40
1,72;53;18;72
1,32;56;32;64
1,43;68;33;53
1,70;56;19;63
1,54;66;28;43
1,68;108;38;21
1,81;47;14;47
1,75;92;30;65
1,72;76;26;20
1,34;81;45;28
1,84;82;24;54
1,77;94;30;61
1,37;84;45;36
1,55;66;27;25
1,57;49;20;65
1,63;72;27;72
1,44;85;41;37
1,85;93;27;37
1,65;54;20;56
1,42;87;43;30
1,55;52;22;60
1,73;54;18;44
1,73;80;27;31
1,82;94;28;58
1,81;54;16;28
1,98;95;24;31
1,88;52;15;35
1,29;76;45;42
1,51;98;43;22
1,98;47;12;40
1,96;91;24;44
1,32;93;53;53
1,95;53;14;69
1,56;97;40;38
1,97;80;21;20
1,91;48;13;24
1,30;55;33;53
1,41;58;29;64
1,48;75;34;32
1,60;82;32;61
1,81;106;32;31
1,44;72;35;56
1,34;69;39;47
1,89;84;24;54
1,46;71;33;53
1,54;59;25;46
1,34;97;54;27
1,91;47;13;25
1,50;99;44;34
1,42;85;42;52
1,27;57;35;27
1,27;111;68;74
1,35;48;26;42
1,57;52;21;47
1,74;81;27;66
1,55;51;21;44
1,33;101;57;49
1,58;111;45;39
1,39;52;27;34
1,35;68;37;68
1,61;71;27;44
1,56;63;26;24
1,60;94;37;51
1,27;90;55;60
1,22;105;71;31
1,28;84;52;62
1,54;51;21;57
1,65;97;35;60
1,54;109;46;22
1,68;65;23;36
1,23;111;74;34
1,99;57;14;54
1,65;108;39;70
1,31;49;29;24
1,99;77;19;61
1,47;108;50;49
1,81;71;22;26
1,73;79;26;55
1,25;91;58;43
1,89;103;29;67
1,65;69;25;22
1,64;46;17;64
1,82;48;14;52
1,44;87;42;41
1,79;102;32;69
1,64;54;20;61
1,33;87;49;42
1,91;62;17;23
1,99;55;14;59
1,23;100;66;24
1,33;99;56;58
1,76;60;19;46
1,25;92;59;52
1,51;99;44;45
1,46;66;31;44
1,24;49;32;35
1,56;61;25;59
1,88;64;18;35
1,36;51;27;27
1,50;58;26;55
1,44;104;50;23
1,78;107;34;60
1,49;61;28;41
1,96;64;17;36
1,40;55;28;39
1,96;51;13;34
1,43;96;47;33
1,55;65;27;67
1,58;79;32;33
1,89;61;17;20
1,86;105;30;21
1,64;80;30;39
1,23;86;57;40
1,42;55;27;30
1,69;59;21;74
1,36;51;28;48
1,62;57;22;71
1,47;91;42;68
1,77;107;34;56
1,85;63;18;54
1,79;70;22;64
1,93;63;17;20
1,56;92;38;26
1,94;59;16;24
1,77;46;15;66
1,39;111;57;47
1,74;101;34;71
1,53;102;44;63
1,78;76;24;29
1,63;82;31;58
1,81;94;29;35
1,67;86;31;23
1,63;88;33;71
1,94;83;22;33
1,31;95;56;49
1,39;105;55;68
1,84;55;16;74
1,87;60;17;21
1,62;96;37;45
1,24;75;49;22
1,87;60;17;52
1,93;61;16;61
1,81;74;23;56
1,39;98;51;62
1,80;70;22;29
1,76;55;18;37
1,57;67;27;24
1,98;73;19;20
1,68;50;18;51
1,31;55;32;39
1,68;74;26;47
1,57;94;38;63
1,95;103;27;26
1,86;55;16;33
2,00;107;27;25
1,80;48;15;68
1,57;103;42;37
1,67;50;18;27
1,80;49;15;19
1,52;48;21;68
1,27;104;65;41
1,48;92;42;54
1,99;58;15;20
1,91;52;14;24
1,44;86;42;20
1,46;51;24;63
1,59;106;42;74
1,91;94;26;63
1,64;75;28;49
1,57;105;43;28
1,83;67;20;69
1,72;111;38;46
1,43;55;27;66
1,64;46;17;45
1,25;64;41;56
1,31;95;55;34
1,96;48;13;46
1,88;81;23;39
1,58;58;23;26
1,52;64;28;50
1,94;54;14;29
1,46;67;31;42
1,65;56;21;69
1,23;82;54;59
1,29;80;48;39
1,83;106;32;29
1,28;70;42;20
1,31;65;38;32
1,55;64;27;29
1,78;83;26;38
1,74;103;34;46
1,38;101;53;74
1,96;72;19;45
1,60;47;18;56
1,52;57;25;71
1,47;46;21;57
1,93;58;16;20
1,82;63;19;20
1,23;90;60;50
1,31;48;28;34
1,70;91;31;33
1,47;58;27;30
1,53;94;40;52
1,98;69;18;36
1,80;62;19;33
1,69;93;32;72
1,77;78;25;74
1,33;54;31;64
1,94;68;18;19
1,58;88;35;61
1,53;60;26;24
1,80;65;20;58
1,92;57;15;30
1,90;95;26;28
1,88;102;29;60
1,74;79;26;44
1,29;53;32;51
1,34;64;35;26
1,54;62;26;42
1,50;47;21;71
1,74;82;27;39
1,88;91;26;56
1,69;74;26;24
1,54;66;28;73
1,56;55;23;66
1,59;104;41;38
1,29;51;30;56
1,55;61;25;55
1,97;59;15;63
1,91;52;14;45
1,40;94;48;73
1,89;109;31;31
1,69;87;30;24
1,40;109;56;72
1,34;87;48;25
1,97;55;14;20
1,64;46;17;39
1,54;92;39;68
1,96;102;27;44
1,40;58;30;48
1,23;106;70;26
1,63;53;20;36
1,68;48;17;73
1,60;47;18;60
1,81;60;18;69
1,57;86;35;68
1,44;99;48;42
1,55;61;25;60
1,57;99;40;66
1,43;104;51;62
1,37;97;52;39
1,72;101;34;23
1,24;111;72;70
1,95;67;18;33
1,90;100;28;62
1,68;82;29;41
1,90;87;24;44
1,24;81;53;24
1,49;65;29;74
1,35;52;29;20
1,84;108;32;67
1,62;51;19;63
1,37;72;38;19
1,23;107;71;33
1,89;80;23;56
1,98;98;25;41
1,33;77;43;49
1,86;96;28;55
1,30;91;54;57
1,27;87;54;27
1,47;54;25;54
1,51;81;35;67
1,96;109;28;20
1,51;80;35;59
1,71;49;17;56
1,82;92;28;32
1,50;65;29;30
1,40;52;27;27
1,67;72;26;53
1,36;65;35;24
2,00;94;24;27
1,50;93;41;60
1,58;71;28;28
1,61;85;33;22
1,81;90;28;74
1,59;92;36;25
1,91;110;30;29
1,29;51;30;74
1,37;80;43;44
1,40;92;47;30
1,24;49;32;56
1,30;99;58;45
1,41;51;26;23
1,26;76;48;73
1,93;107;29;69
1,53;65;28;40
1,95;98;26;59
1,29;56;34;36
1,74;83;27;19
1,76;111;36;20
1,38;48;25;51
1,59;69;27;40
1,81;89;27;43
1,86;57;16;51
1,58;110;44;38
1,67;99;36;46
1,95;76;20;53
1,82;100;30;29
1,93;103;28;37
1,97;74;19;37
1,21;107;73;63
1,73;48;16;57
1,86;46;13;66
1,42;76;38;51
1,54;90;38;69
1,82;107;32;73
1,34;70;39;23
1,43;70;34;74
1,78;53;17;60
1,69;68;24;51
1,68;60;21;67
1,53;100;43;62
1,82;81;24;31
1,91;96;26;27
1,54;98;41;66
1,75;68;22;44
1,56;59;24;36
1,23;69;46;59
1,33;78;44;47
1,28;81;50;57
1,51;74;32;34
1,90;73;20;60
1,42;72;35;70
1,37;82;44;42
1,29;110;66;22
1,20;76;53;21
1,22;78;53;53
1,54;81;34;33
1,83;83;25;63
1,81;66;20;37
1,85;107;31;34
1,60;105;41;26
1,34;61;34;43
1,85;107;31;36
1,38;101;53;60
1,68;50;18;54
1,78;66;21;25
1,23;62;41;27
1,56;90;37;31
1,66;68;25;49
1,38;98;51;30
1,92;86;23;30
1,62;62;24;67
1,52;68;29;20
1,48;79;36;70
1,88;82;23;66
1,34;60;34;41
1,23;84;56;44
1,93;64;17;21
1,46;74;35;70
1,81;57;17;74
1,63;89;34;30
1,86;92;27;25
1,93;47;13;21
1,72;87;30;20
1,87;55;16;36
1,55;93;39;25
1,43;51;25;67
1,53;57;24;24
1,24;84;55;72
1,96;103;27;21
1,25;106;68;21
1,28;51;31;60
1,39;110;57;29
1,48;73;33;34
1,68;51;18;27
1,53;88;38;34
1,23;91;60;26
1,31;75;43;61
1,67;87;31;28
1,92;62;17;47
1,38;79;41;58
1,30;59;35;72
1,48;82;37;45
1,47;98;46;65
1,57;92;37;56
1,76;58;19;50
1,28;94;57;33
1,55;86;36;43
1,49;80;36;42
1,50;72;32;42
1,27;73;46;51
1,79;65;20;37
1,56;107;44;46
1,27;47;29;72
1,77;66;21;26
1,57;107;44;21
1,86;85;24;68
1,26;60;38;35
1,42;79;39;60
1,26;69;43;73
1,35;56;31;32
1,39;84;43;53
1,69;56;20;22
1,53;78;33;47
1,65;84;31;62
1,78;71;22;24
1,41;68;34;60
1,80;54;17;43
2,00;103;26;60
1,38;85;45;69
1,40;47;24;62
1,29;92;55;24
1,23;106;70;67
1,75;59;19;44
1,46;111;52;68
1,63;110;41;55
1,27;80;50;68
1,98;86;22;64
1,93;67;18;31
1,44;104;50;33
1,67;55;20;63
1,57;54;22;22
1,82;103;31;63
1,42;100;50;38
1,57;58;23;47
1,43;68;33;50
1,50;73;33;20
1,92;88;24;74
1,84;67;20;62
1,55;86;36;33
1,46;52;24;55
1,86;97;28;29
1,64;68;25;50
1,29;84;51;42
1,92;62;17;37
1,70;48;17;37
1,98;86;22;59
1,29;88;53;64
1,85;69;20;32
1,75;103;34;43
1,81;69;21;33
1,29;67;40;53
1,57;83;34;24
1,69;81;28;21
1,20;106;73;29
1,65;64;24;26
1,72;83;28;65
1,45;91;43;33
1,30;67;40;73
1,56;98;40;35
1,70;58;20;51
1,52;47;20;68
1,96;91;24;19
1,54;54;23;27
1,90;53;15;33
1,42;47;23;64
1,53;109;47;30
1,32;75;43;31
1,44;47;23;42
1,50;73;33;50
1,20;52;36;54
1,88;76;22;52
1,52;90;39;59
1,30;49;29;53
1,96;89;23;38
1,97;55;14;45
1,22;56;37;49
1,59;88;35;72
1,89;101;28;39
1,44;109;52;74
1,94;77;20;55
1,40;79;41;30
1,74;55;18;34
1,50;80;36;42
1,29;81;49;47
1,50;92;41;62
1,69;63;22;32
1,54;49;21;25
1,45;75;35;49
1,64;61;23;20
1,53;95;40;52
1,22;51;34;53
1,88;91;26;41
1,71;51;17;39
1,50;68;30;19
1,71;95;33;42
1,90;81;22;57
1,60;65;25;54
1,85;100;29;53
1,25;89;57;56
1,65;47;17;70
1,33;68;38;65
1,56;69;28;41
2,00;98;25;21
1,71;85;29;74
1,28;53;32;24
1,22;57;38;32
1,56;84;35;50
1,93;111;30;28
1,76;99;32;62
1,79;83;26;51
1,67;52;19;58
1,26;107;68;53
1,28;82;50;48
1,61;69;27;32
1,63;68;26;27
1,62;100;38;49
1,32;99;56;40
1,52;70;30;51
1,82;59;18;52
1,23;87;58;70
1,72;80;27;55
1,86;95;27;37
1,59;50;20;27
1,70;55;19;33
1,92;87;24;43
1,57;55;22;69
1,69;81;28;25
1,28;64;39;69
1,60;93;36;27
1,35;58;32;36
1,79;68;21;45
1,69;50;18;51
1,22;98;66;55
1,46;72;34;35
1,98;106;27;63
1,63;58;22;55
1,99;71;18;37
1,86;100;29;44
1,95;72;19;68
1,77;110;35;23
1,95;57;15;72
1,94;110;29;69
1,32;111;64;70
1,56;100;41;37
1,90;64;18;73
1,49;76;34;52
1,53;80;34;64
1,92;98;27;68
1,93;75;20;43
1,39;59;30;53
1,45;108;51;65
1,57;103;42;49
1,91;95;26;24
1,85;73;21;19
1,60;68;27;61
1,21;104;71;56
1,30;69;41;34
1,81;82;25;35
1,39;91;47;73
1,46;110;52;62
1,71;94;32;32
1,77;64;20;48
1,34;82;46;68
1,50;83;37;51
1,53;84;36;68
1,86;92;26;62
1,26;59;37;34
1,63;106;40;60
1,74;70;23;53
1,46;105;49;53
1,61;47;18;62
1,90;47;13;58
1,67;74;26;54
1,21;54;37;72
1,87;89;26;57
1,59;49;19;65
1,40;107;54;63
1,75;61;20;31
1,36;55;30;49
1,63;94;36;55
1,68;102;36;23
1,84;96;28;72
1,41;47;24;26
1,64;107;40;63
1,69;105;37;64
1,37;101;54;45
1,46;75;35;22
1,84;93;27;64
1,83;72;22;24
1,69;94;33;69
1,77;48;15;56
1,28;97;59;40
1,92;46;13;38
1,75;57;19;30
1,82;65;20;61
1,56;81;33;59
1,20;80;55;52
1,77;91;29;41
1,33;47;27;53
1,67;64;23;35
1,93;111;30;73
1,37;77;41;71
1,40;110;56;73
1,29;70;42;74
1,27;107;66;63
1,99;59;15;42
1,32;93;53;45
1,86;85;24;20
1,32;50;29;19
1,77;59;19;44
1,30;90;53;41
1,75;102;33;72
1,97;51;13;31
1,58;70;28;41
1,64;81;30;74
1,30;90;53;58
1,37;108;57;44
1,98;62;16;70
1,20;95;66;53
1,42;86;42;35
1,93;106;29;49
1,32;92;53;58
1,51;61;27;66
1,85;64;19;35
1,96;74;19;70
1,54;61;26;56
1,93;84;22;51
1,57;77;31;44
1,57;99;40;70
1,89;62;17;31
1,64;104;38;27
1,75;77;25;25
1,64;54;20;24
1,31;92;54;36
1,72;75;25;49
1,29;108;65;41
1,92;47;13;26
1,79;84;26;46
1,40;89;45;52
1,97;64;16;41
1,66;87;32;61
1,79;81;25;74
1,78;53;17;21
1,27;103;64;51
1,55;48;20;32
1,95;102;27;45
1,99;83;21;47
1,65;67;25;74
1,89;103;29;30
1,22;51;34;24
1,36;85;46;21
1,49;65;29;57
1,72;71;24;68
1,67;108;39;23
1,76;64;21;35
1,53;90;38;45
1,33;55;31;35
1,27;104;64;27
1,20;60;42;21
1,55;86;36;28
1,99;93;23;53
1,97;60;15;66
1,47;51;23;32
1,35;102;56;67
1,94;109;29;23
1,77;92;29;35
1,53;110;47;35
1,36;83;45;55
1,68;76;27;51
1,89;60;17;44
1,35;75;41;43
1,68;74;26;54
1,29;108;65;21
1,72;69;23;34
1,76;109;35;24
1,32;106;61;27
1,43;61;30;45
1,99;64;16;47
1,60;91;36;65
1,38;66;35;60
1,58;77;31;61
1,33;105;59;38
1,35;107;59;48
1,87;54;15;52
1,68;77;27;44
1,78;105;33;72
1,83;80;24;48
1,44;83;40;48
1,63;97;37;49
1,83;67;20;73
1,34;55;31;43
1,25;98;63;21
1,28;61;37;35
1,63;71;27;21
1,22;59;40;47
1,88;69;20;69
1,78;46;14;35
1,98;70;18;54
1,39;48;25;25
1,85;78;23;29
1,22;90;61;73
1,40;103;53;47
1,83;90;27;73
1,83;52;15;19
1,79;47;15;47
1,79;109;34;36
1,26;81;51;19
1,61;46;18;22
1,38;69;36;40
1,25;62;40;48
1,71;94;32;33
1,27;96;60;67
1,56;92;38;51
1,98;103;26;64
1,53;83;35;21
1,58;87;35;47
1,96;71;18;25
1,84;93;27;21
1,53;78;33;42
1,23;91;60;74
1,95;97;25;38
1,97;88;23;46
1,69;79;28;56
1,69;76;27;58
1,60;111;44;71
1,47;81;38;25
1,93;63;17;55
1,49;52;23;23
1,50;104;46;34
1,72;67;23;67
1,52;95;41;25
1,79;49;15;50
1,84;72;21;45
1,48;64;29;56
1,58;75;30;51
1,74;105;35;69
1,98;81;21;64
1,50;60;27;34
1,26;47;30;47
1,21;72;49;61
1,64;50;19;37
1,48;55;25;40
1,37;68;36;25
1,69;99;35;24
1,91;71;20;26
1,90;47;13;57
1,62;70;27;22
1,46;108;50;48
1,26;85;54;56
1,37;108;57;72
1,69;52;18;64
1,73;58;19;71
1,33;103;58;56
1,62;110;42;64
1,98;75;19;42
1,51;74;32;37
1,30;67;40;60
1,54;102;43;63
1,97;105;27;71
1,80;63;19;65
1,28;99;60;27
1,57;59;24;57
1,78;87;27;43
1,58;96;38;25
1,54;70;29;43
1,40;78;40;68
1,90;109;30;55
1,55;53;22;42
1,29;81;49;60
1,48;72;33;47
1,34;62;35;60
1,84;103;31;44
1,49;105;47;36
1,74;90;30;53
1,80;70;22;64
1,33;68;39;68
1,76;102;33;73
1,36;109;59;73
1,84;61;18;24
1,93;67;18;36
1,40;48;24;21
1,75;107;35;54
1,97;75;19;61
1,76;91;29;69
1,56;104;43;37
1,33;110;63;63
1,33;80;46;48
1,22;109;73;34
1,49;88;40;68
1,47;97;45;48
1,22;68;46;20
1,85;101;30;21
1,87;95;27;28
1,28;46;28;67
1,70;83;29;61
1,28;61;37;33
1,33;66;37;35
1,81;92;28;68
1,21;81;55;35
1,66;53;19;21
1,46;76;35;68
1,98;98;25;62
1,24;106;69;51
1,71;106;36;56
1,98;62;16;36
1,57;99;40;43
1,44;101;49;58
1,73;96;32;43
1,53;60;25;36
1,75;88;29;50
1,43;71;35;67
1,51;63;28;57
1,45;103;49;34
1,37;109;58;53
1,90;73;20;43
1,61;88;34;21
1,38;63;33;19
1,63;67;25;67
1,27;59;37;56
1,92;48;13;28
1,70;81;28;68
1,24;52;34;69
1,86;104;30;72
1,27;62;38;55
1,37;103;55;25
1,91;108;29;63
1,90;72;20;60
1,79;49;15;64
1,81;76;23;68
2,00;61;15;72
1,47;94;44;45
1,38;77;41;19
1,87;108;31;67
1,82;85;26;64
1,69;96;34;66
1,30;107;64;40
1,72;53;18;72
1,32;56;32;64
1,43;68;33;53
1,70;56;19;63
1,54;66;28;43
1,68;108;38;21
1,81;47;14;47
1,75;92;30;65
1,72;76;26;20
1,34;81;45;28
1,84;82;24;54
1,77;94;30;61
1,37;84;45;36
1,55;66;27;25
1,57;49;20;65
1,63;72;27;72
1,44;85;41;37
1,85;93;27;37
1,65;54;20;56
1,42;87;43;30
1,55;52;22;60
1,73;54;18;44
1,73;80;27;31
1,82;94;28;58
1,81;54;16;28
1,98;95;24;31
1,88;52;15;35
1,29;76;45;42
1,51;98;43;22
1,98;47;12;40
1,96;91;24;44
1,32;93;53;53
1,95;53;14;69
1,56;97;40;38
1,97;80;21;20
1,91;48;13;24
1,30;55;33;53
1,41;58;29;64
1,48;75;34;32
1,60;82;32;61
1,81;106;32;31
1,44;72;35;56
1,34;69;39;47
1,89;84;24;54
1,46;71;33;53
1,54;59;25;46
1,34;97;54;27
1,91;47;13;25
1,50;99;44;34
1,42;85;42;52
1,27;57;35;27
1,27;111;68;74
1,35;48;26;42
1,57;52;21;47
1,74;81;27;66
1,55;51;21;44
1,33;101;57;49
1,58;111;45;39
1,39;52;27;34
1,35;68;37;68
1,61;71;27;44
1,56;63;26;24
1,60;94;37;51
1,27;90;55;60
1,22;105;71;31
1,28;84;52;62
1,54;51;21;57
1,65;97;35;60
1,54;109;46;22
1,68;65;23;36
1,23;111;74;34
1,99;57;14;54
1,65;108;39;70
1,31;49;29;24
1,99;77;19;61
1,47;108;50;49
1,81;71;22;26
1,73;79;26;55
1,25;91;58;43
1,89;103;29;67
1,65;69;25;22
1,64;46;17;64
1,82;48;14;52
1,44;87;42;41
1,79;102;32;69
1,64;54;20;61
1,33;87;49;42
1,91;62;17;23
1,99;55;14;59
1,23;100;66;24
1,33;99;56;58
1,76;60;19;46
1,25;92;59;52
1,51;99;44;45
1,46;66;31;44
1,24;49;32;35
1,56;61;25;59
1,88;64;18;35
1,36;51;27;27
1,50;58;26;55
1,44;104;50;23
1,78;107;34;60
1,49;61;28;41
1,96;64;17;36
1,40;55;28;39
1,96;51;13;34
1,43;96;47;33
1,55;65;27;67
1,58;79;32;33
1,89;61;17;20
1,86;105;30;21
1,64;80;30;39
1,23;86;57;40
1,42;55;27;30
1,69;59;21;74
1,36;51;28;48
1,62;57;22;71
1,47;91;42;68
1,77;107;34;56
1,85;63;18;54
1,79;70;22;64
1,93;63;17;20
1,56;92;38;26
1,94;59;16;24
1,77;46;15;66
1,39;111;57;47
1,74;101;34;71
1,53;102;44;63
1,78;76;24;29
1,63;82;31;58
1,81;94;29;35
1,67;86;31;23
1,63;88;33;71
1,94;83;22;33
1,31;95;56;49
1,39;105;55;68
1,84;55;16;74
1,87;60;17;21
1,62;96;37;45
1,24;75;49;22
1,87;60;17;52
1,93;61;16;61
1,81;74;23;56
1,39;98;51;62
1,80;70;22;29
1,76;55;18;37
1,57;67;27;24
1,98;73;19;20
1,68;50;18;51
1,31;55;32;39
1,68;74;26;47
1,57;94;38;63
1,95;103;27;26
1,86;55;16;33
2,00;107;27;25
1,80;48;15;68
1,57;103;42;37
1,67;50;18;27
1,80;49;15;19
1,52;48;21;68
1,27;104;65;41
1,48;92;42;54
1,99;58;15;20
1,91;52;14;24
1,44;86;42;20
1,46;51;24;63
1,59;106;42;74
1,91;94;26;63
1,64;75;28;49
1,57;105;43;28
1,83;67;20;69
1,72;111;38;46
1,43;55;27;66
1,64;46;17;45
1,25;64;41;56
1,31;95;55;34
1,96;48;13;46
1,88;81;23;39
1,58;58;23;26
1,52;64;28;50
1,94;54;14;29
1,46;67;31;42
1,65;56;21;69
1,23;82;54;59
1,29;80;48;39
1,83;106;32;29
1,28;70;42;20
1,31;65;38;32
1,55;64;27;29
1,78;83;26;38
1,74;103;34;46
1,38;101;53;74
1,96;72;19;45
1,60;47;18;56
1,52;57;25;71
1,47;46;21;57
1,93;58;16;20
1,82;63;19;20
1,23;90;60;50
1,31;48;28;34
1,70;91;31;33
1,47;58;27;30
1,53;94;40;52
1,98;69;18;36
1,80;62;19;33
1,69;93;32;72
1,77;78;25;74
1,33;54;31;64
1,94;68;18;19
1,58;88;35;61
1,53;60;26;24
1,80;65;20;58
1,92;57;15;30
1,90;95;26;28
1,88;102;29;60
1,74;79;26;44
1,29;53;32;51
1,34;64;35;26
1,54;62;26;42
1,50;47;21;71
1,74;82;27;39
1,88;91;26;56
1,69;74;26;24
1,54;66;28;73
1,56;55;23;66
1,59;104;41;38
1,29;51;30;56
1,55;61;25;55
1,97;59;15;63
1,91;52;14;45
1,40;94;48;73
1,89;109;31;31
1,69;87;30;24
1,40;109;56;72
1,34;87;48;25
1,97;55;14;20
1,64;46;17;39
1,54;92;39;68
1,96;102;27;44
1,40;58;30;48
1,23;106;70;26
1,63;53;20;36
1,68;48;17;73
1,60;47;18;60
1,81;60;18;69
1,57;86;35;68
1,44;99;48;42
1,55;61;25;60
1,57;99;40;66
1,43;104;51;62
1,37;97;52;39
1,72;101;34;23
1,24;111;72;70
1,95;67;18;33
1,90;100;28;62
1,68;82;29;41
1,90;87;24;44
1,24;81;53;24
1,49;65;29;74
1,35;52;29;20
1,84;108;32;67
1,62;51;19;63
1,37;72;38;19
1,23;107;71;33
1,89;80;23;56
1,98;98;25;41
1,33;77;43;49
1,86;96;28;55
1,30;91;54;57
1,27;87;54;27
1,47;54;25;54
1,51;81;35;67
1,96;109;28;20
1,51;80;35;59
1,71;49;17;56
1,82;92;28;32
1,50;65;29;30
1,40;52;27;27
1,67;72;26;53
1,36;65;35;24
2,00;94;24;27
1,50;93;41;60
1,58;71;28;28
1,61;85;33;22
1,81;90;28;74
1,59;92;36;25
1,91;110;30;29
1,29;51;30;74
1,37;80;43;44
1,40;92;47;30
1,24;49;32;56
1,30;99;58;45
1,41;51;26;23
1,26;76;48;73
1,93;107;29;69
1,53;65;28;40
1,95;98;26;59
1,29;56;34;36
1,74;83;27;19
1,76;111;36;20
1,38;48;25;51
1,59;69;27;40
1,81;89;27;43
1,86;57;16;51
1,58;110;44;38
1,67;99;36;46
1,95;76;20;53
1,82;100;30;29
1,93;103;28;37
1,97;74;19;37
1,21;107;73;63
1,73;48;16;57
1,86;46;13;66
1,42;76;38;51
1,54;90;38;69
1,82;107;32;73
1,34;70;39;23
1,43;70;34;74
1,78;53;17;60
1,69;68;24;51
1,68;60;21;67
1,53;100;43;62
1,82;81;24;31
1,91;96;26;27
1,54;98;41;66
1,75;68;22;44
1,56;59;24;36
1,23;69;46;59
1,33;78;44;47
1,28;81;50;57
1,51;74;32;34
1,90;73;20;60
1,42;72;35;70
1,37;82;44;42
1,29;110;66;22
1,20;76;53;21
1,22;78;53;53
1,54;81;34;33
1,83;83;25;63
